TgDgSl 11(0)	Sri Lanka	7.001588703	81.00831184
TgDgSl 12(0)	Sri Lanka	7.001857186	81.00805655
TgDgSl 13(0)	Sri Lanka	7.000784517	81.00185815
TgDgSl 14(0)	Sri Lanka	7.006721281	81.00288354
TgDgSl 16(0)	Sri Lanka	7.008463973	81.00422825
TgDgSl 18(0)	Sri Lanka	7.003456123	81.00762098
TgDgSl 21(0)	Sri Lanka	7.00286566	81.00757948
TgDgSl 22(0)	Sri Lanka	7.009221309	81.00606043
TgDgSl 23(0)	Sri Lanka	7.00345203	81.00448485
TgDgSl 4(0)	Sri Lanka	7.004515502	81.00310601
TgDgSl 5(0)	Sri Lanka	7.001211073	81.00591954
TgDgSl1(0)	Sri Lanka	7.008075484	81.00415058
TgDgSl10(0)	Sri Lanka	7.007011284	81.00791029
TgDgSl15(0)	Sri Lanka	7.008711364	81.0044699
TgDgSl17(0)	Sri Lanka	7.004372764	81.00889572
TgDgSl19(0)	Sri Lanka	7.003565589	81.00601783
TgDgSl2(0)	Sri Lanka	7.009283305	81.00395071
TgDgSl20(0)	Sri Lanka	7.007808561	81.00753658
TgDgSl24(0)	Sri Lanka	7.003500691	81.00666208
TgDgSl3(0)	Sri Lanka	7.00167773	81.00000754
TgDgSl6(0)	Sri Lanka	7.006802539	81.00278163
TgDgSl7(0)	Sri Lanka	7.000847443	81.00303606
TgDgSl8(0)	Sri Lanka	7.006612773	81.00989926
TgDgSl9(0)	Sri Lanka	7.008893339	81.00459974
TgWolfMN10(0)	USA	46.62775	-92.56551
TgWolfMN11(0)	USA	47.8083	-94.67914
TgWolfMN12(0)	USA	47.8763	-93.64966
TgWolfMN13(0)	USA	45.96829	-92.76389
TgWolfMN14(0)	USA	45.96854098	-92.75710952
TgWolfMN15(0)	USA	45.97754768	-92.75762019
TgWolfMN16(0)	USA	45.97689403	-92.76005747
TgWolfMN17(0)	USA	47.06196	-92.79582
TgWolfMN18(0)	USA	46.83939	-95.34077
TgWolfMN19(0)	USA	47.04742	-91.67799
TgWolfMN20(0)	USA	46.81237	-94.28989
TgWolfMN21(0)	USA	47.07829	-93.58183
TgWolfMN22(0)	USA	46.55508	-93.69721
TgWolfMN23(0)	USA	46.72381	-94.75498
TgWolfMN24(0)	USA	46.64311	-92.8196
TgWolfMN25(0)	USA	46.00503	-92.54156
TgWolfMN26(0)	USA	46.66622	-94.77565
TgWolfMN27(0)	USA	46.70925	-94.73335
TgWolfMN28(0)	USA	46.68661	-92.81987
TgWolfMN29(0)	USA	46.58417	-92.51895
TgWolfMN5(0)	USA	47.86754	-94.38579
TgWolfMN6(0)	USA	47.27549	-93.73437
TgWolfMN7(0)	USA	47.28271264	-93.72954026
TgWolfMN8(0)	USA	47.88188	-94.38597
TgWolfMN9(0)	USA	46.5004	-92.94873
TgDogEg1	Egypt	30.01762704	31.22601072
TgDogEg10	Egypt	30.02148932	31.21670774
TgDogEg11	Egypt	30.0227655	31.2172082
TgDogEg12	Egypt	30.02563927	31.21994833
TgDogEg13	Egypt	30.02540151	31.22213033
TgDogEg14	Egypt	30.01858656	31.22202939
TgDogEg15	Egypt	30.01690608	31.22069014
TgDogEg16	Egypt	30.02300077	31.21794097
TgDogEg17	Egypt	30.02313607	31.22176646
TgDogEg18	Egypt	30.0236182	31.21726064
TgDogEg19	Egypt	30.01731935	31.22090871
TgDogEg19_B	Egypt	30.0249703	31.22142318
TgDogEg2	Egypt	30.01981958	31.21832406
TgDogEg20	Egypt	30.02064085	31.21841903
TgDogEg22	Egypt	30.02377476	31.22365674
TgDogEg3	Egypt	30.02581185	31.21973583
TgDogEg4	Egypt	30.02070034	31.22489834
TgDogEg5	Egypt	30.01845874	31.21975498
TgDogEg6	Egypt	30.01955424	31.2254259
TgDogEg8	Egypt	30.01753455	31.22296833
TgCkGr37(0)	Grenada	12.1717346	-61.72442238
TgCkGr38(0)	Grenada	12.17513242	-61.72735107
TgCkGr39(0)	Grenada	12.17499443	-61.72570284
TgCkGr40(0)	Grenada	12.17489452	-61.72616209
TgCkGr41(0)	Grenada	12.16703006	-61.72379938
TgCkGr42(0)	Grenada	12.19302435	-61.69456898
TgCkGr43(0)	Grenada	12.18558104	-61.6947863
TgCkGr45(0)	Grenada	12.20601389	-61.64055556
TgCkGr46(0)	Grenada	12.2059275	-61.64055556
TgCkGr47(0)	Grenada	12.05984265	-61.74255831
TgCkGr48(0)	Grenada	12.05360067	-61.74857665
TgCkGr49(0)	Grenada	12.05522347	-61.74858567
TgCkGr50(0)	Grenada	12.05954303	-61.74198328
TgCkGr51(0)	Grenada	12.11969004	-61.61889199
TgCkGr52(0)	Grenada	12.12354323	-61.62025271
TgCkGr53(0)	Grenada	12.12272564	-61.62034445
TgCkGr54(0)	Grenada	12.11959656	-61.61720559
TgCkGr55(0)	Grenada	12.12675379	-61.61670474
TgCkGr56(0)	Grenada	12.12266713	-61.62218524
TgCkGr57(0)	Grenada	12.12324971	-61.62407511
TgDoveBr1	Brazil	-23.52888972	-51.01265659
TgDoveBr10	Brazil	-23.5284039	-51.00756084
TgDoveBr11	Brazil	-23.53613568	-51.00368845
TgDoveBr12	Brazil	-23.53727119	-51.01243908
TgDoveBr2	Brazil	-23.5332493	-51.0042642
TgDoveBr6	Brazil	-23.53091226	-51.01092618
TgDoveBr7	Brazil	-23.53217142	-51.01288718
TgDoveBr8	Brazil	-23.53766096	-51.01212965
TgDoveBr9	Brazil	-23.53192061	-51.00525481
TgCatTr_Izmir1	Turkey	38.41902	27.1460305
TgCatTr_Izmir10	Turkey	38.42105141	27.15188463
TgCatTr_Izmir11	Turkey	38.41461002	27.15168823
TgCatTr_Izmir12	Turkey	38.52035978	27.1481536
TgCatTr_Izmir13	Turkey	38.52815994	27.13842107
TgCatTr_Izmir14	Turkey	38.51940718	27.1429757
TgCatTr_Izmir15	Turkey	38.52626125	27.14032811
TgCatTr_Izmir16	Turkey	38.52187111	27.14791755
TgCatTr_Izmir17	Turkey	38.52495666	27.14033484
TgCatTr_Izmir18	Turkey	38.52781492	27.14491014
TgCatTr_Izmir19	Turkey	38.52274405	27.14078775
TgCatTr_Izmir2	Turkey	38.3891	27.05
TgCatTr_Izmir20	Turkey	38.52335498	27.13931472
TgCatTr_Izmir21	Turkey	38.52233472	27.1419037
TgCatTr_Izmir22	Turkey	38.52513034	27.13850076
TgCatTr_Izmir3	Turkey	38.42038905	27.14652594
TgCatTr_Izmir4	Turkey	38.42282462	27.14941215
TgCatTr_Izmir5	Turkey	38.42084895	27.15168498
TgCatTr_Izmir6	Turkey	38.42385732	27.15409083
TgCatTr_Izmir7	Turkey	38.42250954	27.15232311
TgCatTr_Izmir8	Turkey	38.42170164	27.14915922
TgCatTr_Izmir9	Turkey	38.42044606	27.14843619
TgCTBr01 (100)	Brazil	-21.11416705	-42.93484733
TgCTBr02 (44)	Brazil	-18.55	-44.55
TgCTBr03 (100)	Brazil	-16.43555556	-41.00333333
TgCTBr04 (100)	Brazil	-18.76194444	-41.30583333
TgCTBr05 (0)	Brazil	-20.11924811	-44.90163278
TgCTBr07 (95)	Brazil	-18.99203473	-46.30988394
TgCTBr08 (100)	Brazil	-18.99190382	-46.3067698
TgCTBr09 (100)	Brazil	-18.84240518	-41.29793726
TgCTBr10 (0)	Brazil	-18.84444774	-41.30254358
TgCTBr11 (100)	Brazil	-19.81006191	-43.95097895
TgCTBr12 (72)	Brazil	-19.80586747	-43.9454935
TgCTBr13 (100)	Brazil	-18.5102889	-44.54954131
TgCTBr14 (63)	Brazil	-18.51077403	-44.54926524
TgCTBr15 (90)	Brazil	-20.11726213	-44.90157696
TgCTBr17 (100)	Brazil	-21.11203522	-42.93278546
TgCTBr18 (75)	Brazil	-16.84365983	-42.06610056
TgCTBr20 (50)	Brazil	-18.51054656	-44.54563563
TgCTBr21 (65)	Brazil	-19.81213862	-43.95338911
TgCTBr22 (95)	Brazil	-16.84362137	-42.06092795
TgCTBr23 (100)	Brazil	-18.50681285	-44.54671375
TgCTBr24 (90)	Brazil	-20.11478946	-44.90453434
TgCTBr25 (100)	Brazil	-21.11274579	-42.9375996
TgCTBr26 (61)	Brazil	-18.50770294	-44.54612946
TgCTBr27 (70)	Brazil	-18.99299844	-46.31111694
TgOvBrRS1	Brazil	-31.395	-52.67583333
TgOvBrRS2	Brazil	-31.44777778	-53.10388889
TgOvBrRS3	Brazil	-31.76277778	-52.48388889
TgOvBrRS4	Brazil	-32.56583333	-53.37583333
TgOvBrRS5	Brazil	-32.02388889	-53.39583333
TgFpAR2	USA	35.74478404	-91.67414764
TgFpAL2	USA	32.3792	-86.3077
TgFpAR1	USA	35.7362	-91.6799
TgFpAR10	USA	33.34409346	-91.28064892
TgFpAR11	USA	34.4611	-90.8675
TgFpAR3	USA	35.73928993	-91.67252143
TgFpAR4	USA	35.7402007	-91.67887406
TgFpAR5	USA	33.1431	-92.5396
TgFpAR6	USA	33.15175173	-92.53862526
TgFpAR7	USA	33.15166423	-92.53191292
TgFpAR8	USA	33.342	-91.2891
TgFpAR9	USA	33.34634451	-91.28456409
TgFpAZ1	USA	35.2143	-113.7633
TgFpCA1	USA	39.2616	-121.0161
TgFpFL1	USA	28.3232	-82.4319
TgFpHI1	USA	21.307	-157.8584
TgFpHI10	USA	21.31002386	-157.8563876
TgFpHI11	USA	21.31343717	-157.8516734
TgFpHI12	USA	21.30843942	-157.855382
TgFpHI13	USA	21.31638498	-157.8492012
TgFpHI14	USA	21.31025103	-157.8505843
TgFpHI2	USA	21.307	-157.8584
TgFpHI3	USA	21.30905472	-157.852964
TgFpHI4	USA	21.31224659	-157.8535189
TgFpHI5	USA	21.30948145	-157.849707
TgFpHI6	USA	21.30839374	-157.8499142
TgFpHI7	USA	21.1803	-156.9511
TgFpHI8	USA	21.30784169	-157.8572401
TgFpHI9	USA	21.31668094	-157.8503615
TgFpIL1	USA	41.8244	-88.0901
TgFpIL2	USA	41.8673	-90.1596
TgFpIN1	USA	39.8387	-86.0253
TgFpIN2	USA	39.84800597	-86.02159077
TgFpIN3	USA	38.6745	-86.1752
TgFpIN4	USA	39.84620157	-86.01662468
TgFpKS1	USA	37.7957	-94.8106
TgFpLA1	USA	30.06864	-89.92813
TgFpLA2	USA	30.06918191	-89.9238614
TgFpLA4	USA	30.8436453	-91.39554651
TgFpMI1	USA	43.711	-84.0167
TgFpMI2	USA	46.6446	-87.5594
TgFpMI3	USA	43.6156	-84.2472
TgFpMO1	USA	37.4009	-91.0735
TgFpMS1	USA	32.8551	-90.4056
TgFpMS2	USA	32.9861	-90.8294
TgFpMS3	USA	32.85526741	-90.3976836
TgFpMS4	USA	32.86042622	-90.395929
TgFpMS5	USA	32.85905605	-90.3964037
TgFpMS6	USA	32.85866012	-90.39657665
TgFpNC2	USA	34.59022716	-78.56208549
TgFpNC3	USA	35.2532	-82.1971
TgFpNC4	USA	34.884	-78.0195
TgFpNY1	USA	43.0484	-75.3785
TgFpOH1	USA	41.4117	-82.1278
TgFpOH2	USA	39.006	-82.6483
TgFpOH3	USA	38.8619	-82.3452
TgFpOH4	USA	38.87082383	-82.33783152
TgFpOH5	USA	38.87077028	-82.33637503
TgFpOH6	USA	38.86545557	-82.33726105
TgFpOH7	USA	38.86361334	-82.33880508
TgFpOH8	USA	38.86934753	-82.34001537
TgFpOK1	USA	34.4478	-98.9245
TgFpOK2	USA	34.45256798	-98.91796084
TgFpOK3	USA	33.9851	-95.5197
TgFpPA1	USA	39.9049	-78.1564
TgFpPA2	USA	40.0187	-78.5039
TgFpSC1	USA	33.4213	-79.2902
TgFpSC2	USA	33.42470892	-79.28143314
TgFpSC3	USA	33.42709243	-79.282047
TgFpTX1	USA	35.9022	-100.3498
TgFpVA1	USA	36.7076	-83.0361
TgFpVA2	USA	38.4918	-77.9739
TgFpVA3	USA	36.7076	-83.0361
TgFpVA4	USA	36.7682	-76.2875
TgFpVA5	USA	36.7709834	-76.28723467
TgCkBr210(0)	Brazil	-3.853194537	-32.404085
TgCkBr211(0)	Brazil	-3.852382226	-32.40803928
TgCkBr212(0)	Brazil	-3.853858464	-32.41158251
TgCkBr213(0)	Brazil	-3.853068249	-32.40554179
TgCkBr214(0)	Brazil	-3.853209813	-32.40657755
TgCkBr215(0)	Brazil	-3.856825927	-32.40685574
TgCkBr216(0)	Brazil	-3.855242369	-32.4095321
TgCkBr217(0)	Brazil	-3.849764104	-32.4108925
TgCkBr218(0)	Brazil	-3.854592273	-32.40824509
TgCkBr219(0)	Brazil	-3.854936536	-32.41398894
TgCkBr220(0)	Brazil	-3.850787226	-32.40680105
TgCkBr221(0)	Brazil	-3.852862666	-32.41256739
TgCkBr222(0)	Brazil	-3.856751955	-32.41365818
TgCkBr223(0)	Brazil	-3.852651369	-32.41394536
TgCkBr224(0)	Brazil	-3.857439695	-32.40569511
TgCkBr225(0)	Brazil	-3.857310352	-32.40822782
TgCkBr226(0)	Brazil	-3.857057728	-32.41272678
TgCkBr227(0)	Brazil	-3.857277688	-32.41386231
TgCkBr228(0)	Brazil	-3.855879213	-32.40482183
TgCkBr229(0)	Brazil	-3.856127281	-32.40740882
TgCkBr230(0)	Brazil	-3.849313811	-32.41051457
TgCkBr231(0)	Brazil	-3.853895323	-32.41185597
TgCkBr232(0)	Brazil	-3.850776877	-32.40503004
TgCkGy1(0)	Guyana	6.82119997	-58.18150177
TgCkGy10(0)	Guyana	6.542721325	-57.23278468
TgCkGy11(0)	Guyana	6.689241372	-57.91494523
TgCkGy12(0)	Guyana	6.692458621	-57.90677413
TgCkGy13(0)	Guyana	6.692793866	-57.9127482
TgCkGy14(0)	Guyana	6.691553225	-57.91485189
TgCkGy15(0)	Guyana	6.807675336	-58.04609589
TgCkGy16(0)	Guyana	6.806998686	-58.04258091
TgCkGy19(0)	Guyana	6.770031823	-57.99293272
TgCkGy2(50)	Guyana	6.817902845	-58.17760291
TgCkGy20(0)	Guyana	6.769287437	-57.99666734
TgCkGy21(100)	Guyana	6.63648522	-57.82730371
TgCkGy22(25)	Guyana	6.636523726	-57.83057275
TgCkGy23(0)	Guyana	6.572250463	-57.81015665
TgCkGy24(0)	Guyana	6.575641296	-57.8081752
TgCkGy25(0)	Guyana	6.5	-57.7
TgCkGy26(0)	Guyana	6.421063035	-57.60866431
TgCkGy27(0)	Guyana	6.419533885	-57.61064388
TgCkGy28(0)	Guyana	6.424795831	-57.61478169
TgCkGy29(25)	Guyana	6.233638289	-57.54629924
TgCkGy3(0)	Guyana	6.839852435	-58.24864804
TgCkGy30(0)	Guyana	6.234409706	-57.54475047
TgCkGy31(0)	Guyana	6.2	-57.26666667
TgCkGy32(0)	Guyana	6.3	-57.4
TgCkGy33(0)	Guyana	6.806110602	-58.14321334
TgCkGy34(50)	Guyana	6.326170176	-57.55750707
TgCkGy35(0)	Guyana	6.322364537	-57.56531146
TgCkGy4(0)	Guyana	6.842507604	-58.24352482
TgCkGy5(0)	Guyana	6.003429339	-58.29147505
TgCkGy6(0)	Guyana	6.006401657	-58.29008496
TgCkGy7(0)	Guyana	6.75	-57.96666667
TgCkGy8(0)	Guyana	6.538190243	-57.22788646
TgCkGy9(0)	Guyana	6.539708616	-57.23059653
TgDgVi1(nd)	Vietnam	11.55347222	106.8830556
TgDgVi2(nd)	Vietnam	11.15	106.6
TgDgVi3(nd)	Vietnam	15.6	108.45
TgDgVi4(nd)	Vietnam	10.95	106.8166667
TgDgVi5(nd)	Vietnam	10.28333333	106.45
TgDgVi6(0)	Vietnam	10.53898847	106.4063512
TgDgVi7(nd)	Vietnam	10.54553566	106.4143923
TgDgVi8(0)	Vietnam	10.76666667	105.9333333
TgWTDAL1	USA	33.2795	-85.8486
TgWTDAL2	USA	32.8898	-86.2197
TgWTDAL3	USA	32.9201	-85.8486
TgWTDGA1	USA	33.5187	-83.1649
TgWTDGA2	USA	33.5193334	-83.16103738
TgWTDGA3	USA	33.9191	-84.0167
TgWTDIN1	USA	41.5249	-87.1024
TgWTDIN2	USA	41.53086492	-87.09631107
TgWTDKS1	USA	39.6714	-98.1537
TgWTDKS2	USA	38.9092	-96.1527
TgWTDKY1	USA	38.3172	-84.5641
TgWTDLA1	USA	32.7551	-93.6623
TgWTDLA10	USA	34.0039	-118.2301
TgWTDLA11	USA	34.0082493	-118.2284863
TgWTDLA12	USA	34.006297	-118.2280933
TgWTDLA2	USA	30.8459	-91.0203
TgWTDLA3	USA	30.85510601	-91.01648204
TgWTDLA4	USA	30.84662144	-91.01190304
TgWTDLA5	USA	30.85307899	-91.02003845
TgWTDLA6	USA	30.85185459	-91.01992723
TgWTDLA7	USA	30.85361648	-91.0117932
TgWTDLA8	USA	30.85030177	-91.01892859
TgWTDLA9	USA	34.056219	-118.2365021
TgWTDMI1	USA	45.0617	-83.4328
TgWTDMI2	USA	45.06645602	-83.42616294
TgWTDMI3	USA	45.06374166	-83.43110715
TgWTDMI4	USA	45.0650999	-83.43028163
TgWTDMI5	USA	45.06445766	-83.43271494
TgWTDMI6	USA	45.06541013	-83.43170555
TgWTDMN1	USA	45.0209	-93.5095
TgWTDNJ1	USA	40.7947	-74.2649
TgWTDNJ2	USA	40.8024943	-74.26231554
TgWTDNJ3	USA	40.79999648	-74.25982723
TgWTDNY1	USA	41.7784	-73.7478
TgWTDOH1	USA	41.4339	-81.6758
TgWTDOH2	USA	41.44266593	-81.67177242
TgDgCo1(nd)	Colombia	4.614998702	-74.07756511
TgDgCo10(nd)	Colombia	4.612797539	-74.07732787
TgDgCo11(100)	Colombia	4.615898874	-74.0725215
TgDgCo12(100)	Colombia	4.613322904	-74.074134
TgDgCo13(50)	Colombia	4.611358921	-74.0749671
TgDgCo14(0)	Colombia	4.611926663	-74.07242761
TgDgCo15(100)	Colombia	4.619683662	-74.07914607
TgDgCo16(0)	Colombia	4.61305297	-74.07599394
TgDgCo17(100)	Colombia	4.615823875	-74.07669602
TgDgCo18(100)	Colombia	4.617171635	-74.07644939
TgDgCo19(50)	Colombia	4.615178378	-74.07471838
TgDgCo2(nd)	Colombia	4.609741055	-74.07337941
TgDgCo20(30)	Colombia	4.617854701	-74.07523493
TgDgCo3(nd)	Colombia	4.619154035	-74.07957596
TgDgCo4(nd)	Colombia	4.619368595	-74.08173407
TgDgCo5(100)	Colombia	4.615751652	-74.0793663
TgDgCo6(100)	Colombia	4.614170661	-74.07202523
TgDgCo7(100)	Colombia	4.618563687	-74.07347562
TgDgCo8(100)	Colombia	4.609893378	-74.07449867
TgDgCo9(67)	Colombia	4.611939243	-74.0746319
TgDgBr1(10)	Brazil	-23.54639871	-46.63067122
TgDgBr10(nd)	Brazil	-23.5427413	-46.63247131
TgDgBr11(0)	Brazil	-23.54675437	-46.63698997
TgDgBr12(86)	Brazil	-23.54300388	-46.63682882
TgDgBr13(17)	Brazil	-23.54142257	-46.63088828
TgDgBr14(100)	Brazil	-23.54142286	-46.63516241
TgDgBr15(100)	Brazil	-23.54401551	-46.63524081
TgDgBr16(25)	Brazil	-23.54876367	-46.63174388
TgDgBr17(100)	Brazil	-23.53935084	-46.63833267
TgDgBr18(75)	Brazil	-23.54501756	-46.63531849
TgDgBr19(75)	Brazil	-23.54755464	-46.63372325
TgDgBr2(nd)	Brazil	-23.54708789	-46.6376647
TgDgBr3(80)	Brazil	-23.54854419	-46.62916778
TgDgBr4(0)	Brazil	-23.54478257	-46.63320042
TgDgBr5(63)	Brazil	-23.5487151	-46.63642003
TgDgBr6(100)	Brazil	-23.54732481	-46.63111559
TgDgBr7(nd)	Brazil	-23.53949787	-46.63826191
TgDgBr8(nd)	Brazil	-23.541225	-46.63638019
TgDgBr9(100)	Brazil	-23.5477102	-46.63544166
TgCkGh1(0)	Ghana	6.751404376	-1.743462772
TgCkGh2(0)	Ghana	6.753970789	-1.743419621
TgCkId1(0)	Indonesia	-7.75	109.95
TgCkIt1(0)	Italy	40.95655214	16.95160919
TgCkIt2(0)	Italy	40.9560315	16.95035585
TgCkIt3(0)	Italy	40.95847455	16.95632876
TgCkPl1(0)	Poland	54.34028555	18.19245067
TgCkPl2(0)	Poland	54.34090853	18.18542472
TgCatPr1(20)	Puerto Rico	18.08706405	-67.89599633
TgCatPr10(100)	Puerto Rico	18.08962424	-67.89330283
TgCatPr11(100)	Puerto Rico	18.08939742	-67.89627784
TgCatPr2(100)	Puerto Rico	18.08662106	-67.89745185
TgCatPr3(100)	Puerto Rico	18.08778262	-67.89431047
TgCatPr4(100)	Puerto Rico	18.0885846	-67.89267149
TgCatPr5(100)	Puerto Rico	18.08524408	-67.89439983
TgCatPr6(92)	Puerto Rico	18.09048368	-67.89122207
TgCatPr7(100)	Puerto Rico	18.09068363	-67.89090832
TgCatPr8(100)	Puerto Rico	18.09185343	-67.89007419
TgCatPr9(0)	Puerto Rico	18.09034088	-67.89364673
TgSdCr1(0)	Costa Rica	10	-84
TgCatStK1	St. Kitts	17.36500209	-62.78134057
TgCatStK2	St. Kitts	17.36695333	-62.77992697
TgCatStK3a	St. Kitts	17.36159622	-62.78019664
TgCatStK3b	St. Kitts	17.36556255	-62.78278888
TgCatStK4	St. Kitts	17.35875296	-62.77433545
TgCatStK6	St. Kitts	17.36198678	-62.77495633
TgCatStK7	St. Kitts	17.36755898	-62.7753698
TgBBeCa1(50)	Canada	58.08333333	-68.41666667
TgCatCa1(nd)	Canada	50.16728122	-99.7771805
TgCatCa2(nd)	Canada	50.17468905	-99.77848553
TgCgCa2(nd)	Canada	49.2494444	123.1191667
TgRaCa2(nd)	Canada	50.16902101	-99.77426474
TgSkCa1(nd)	Canada	50.17475709	-99.77927545
TgCkBr107(75)	Brazil	-2.430594196	-54.69147024
TgCkBr108(100)	Brazil	-2.434704781	-54.6937326
TgCkBr109(100)	Brazil	-2.434395918	-54.692829
TgCkBr110(25)	Brazil	-2.43720028	-54.69224317
TgCkBr111(75)	Brazil	-2.438255697	-54.69749462
TgCkBr112(50)	Brazil	-2.430367732	-54.6913694
TgCkBr113(75)	Brazil	-1.348333333	-47.91055556
TgCkBr114(0)	Brazil	-1.036619649	-47.89912502
TgCkBr115(25)	Brazil	-1.039283718	-47.90300366
TgCkBr116(0)	Brazil	-1.293569538	-47.91948891
TgCkBr141(100)	Brazil	-1.287753964	-47.91652413
TgCkBr142(25)	Brazil	-1.289739751	-48.15788374
TgCkBr143(75)	Brazil	-1.289484942	-48.15879385
TgCkBr144(100)	Brazil	-1.292173286	-48.15645831
TgCkBr145(25)	Brazil	-1.355277778	-48.34333333
TgCkBr146(100)	Brazil	-31.75881534	-52.44432478
TgCkBr147(100)	Brazil	-31.76724703	-52.44852376
TgCkBr148(100)	Brazil	-31.7592657	-52.44523735
TgCkBr149(0)	Brazil	-31.76071081	-52.44739697
TgCkBr150(0)	Brazil	-31.76745483	-52.44130178
TgCkBr151(100)	Brazil	-31.76693118	-52.43875614
TgCkBr152(25)	Brazil	-31.76208559	-52.44506389
TgCkBr153(100)	Brazil	-31.76451487	-52.44043102
TgCkBr154(100)	Brazil	-31.75927293	-52.44679361
TgCkBr155(0)	Brazil	-31.38599533	-52.6786284
TgCkBr156(0)	Brazil	-31.39060819	-52.68083206
TgCkBr157(0)	Brazil	-31.39340882	-52.68365696
TgCkBr158(0)	Brazil	-31.39101332	-52.6807888
TgCkBr159(0)	Brazil	-31.39027333	-52.67709025
TgCkBr160(25)	Brazil	-32.02638192	-52.09730949
TgCkBr161(0)	Brazil	-32.02732058	-52.09570719
TgCkBr162(67)	Brazil	-32.02804366	-52.09673922
TgCkBr163(50)	Brazil	-32.03264155	-52.09571132
TgCkBr164(nd)	Brazil	-30.0346	-51.2177
TgShUs1(nd)	USA	39.29655082	-76.6074487
TgShUs10(0)	USA	39.2930096	-76.60799889
TgShUs11(0)	USA	39.29685121	-76.61059683
TgShUs12(0)	USA	39.2911117	-76.60673508
TgShUs13(0)	USA	39.29881487	-76.60927332
TgShUs14(0)	USA	39.29838088	-76.60719294
TgShUs15(0)	USA	39.2948378	-76.60735969
TgShUs16(0)	USA	39.29323901	-76.60774925
TgShUs17(0)	USA	39.29113769	-76.6032027
TgShUs18(0)	USA	39.29445577	-76.60428173
TgShUs19(0)	USA	39.29268192	-76.61080528
TgShUs2(0)	USA	39.29587909	-76.60353339
TgShUs20(0)	USA	39.29879517	-76.60641215
TgShUs21(0)	USA	39.29782015	-76.60876662
TgShUs22(0)	USA	39.29117918	-76.61126524
TgShUs23(0)	USA	39.29783843	-76.60927397
TgShUs24(0)	USA	39.29243362	-76.6028088
TgShUs25(0)	USA	39.29106686	-76.61190427
TgShUs26(0)	USA	39.29441023	-76.6042718
TgShUs28(100)	USA	39.29249987	-76.61132568
TgShUs29(0)	USA	39.29065601	-76.60557095
TgShUs3(0)	USA	39.2905251	-76.60347255
TgShUs30(0)	USA	39.29704362	-76.60664085
TgShUs31(0)	USA	39.29494272	-76.61093388
TgShUs32(0)	USA	39.29218505	-76.60390535
TgShUs33(0)	USA	39.29533408	-76.60416022
TgShUs34(0)	USA	39.29321646	-76.61070282
TgShUs36(0)	USA	39.2984828	-76.60261642
TgShUs37(nd)	USA	39.2984102	-76.60390043
TgShUs38(0)	USA	39.29177918	-76.60702477
TgShUs39(0)	USA	39.29050189	-76.61062882
TgShUs4(0)	USA	39.29846313	-76.60612988
TgShUs40a(0)	USA	39.29468105	-76.60685097
TgShUs40b(0)	USA	39.29471569	-76.61098974
TgShUs41a(0)	USA	39.29838683	-76.61011985
TgShUs41b(0)	USA	39.297707	-76.60471188
TgShUs42a(0)	USA	39.29925031	-76.6119686
TgShUs42b(0)	USA	39.29469822	-76.61070349
TgShUs43(0)	USA	39.29304807	-76.61106727
TgShUs44(0)	USA	39.29809398	-76.611153
TgShUs45(0)	USA	39.29849255	-76.61067564
TgShUs46(0)	USA	39.2939396	-76.60556745
TgShUs47(0)	USA	39.29211829	-76.60478374
TgShUs48(0)	USA	39.2967818	-76.61147052
TgShUs49a(0)	USA	39.29863832	-76.60430479
TgShUs49b(0)	USA	39.29369401	-76.61004164
TgShUs5(0)	USA	39.29076113	-76.60450915
TgShUs50(0)	USA	39.29539469	-76.61063811
TgShUs51(0)	USA	39.2982649	-76.61139644
TgShUs52(0)	USA	39.29262574	-76.61214172
TgShUs53(0)	USA	39.29665183	-76.60829728
TgShUs6(0)	USA	39.29442503	-76.60735302
TgShUs7(0)	USA	39.29986865	-76.60722338
TgShUs8(0)	USA	39.29480819	-76.6099738
TgShUs9(0)	USA	39.29405866	-76.61163385
TgCyW1(0)	USA	43.21190484	-89.7461872
TgCyW2(0)	USA	43.20387926	-89.74505901
TgCyW3(0)	USA	43.20476624	-89.74117187
TgCyW4(0)	USA	43.2063357	-89.74055143
TgCyW5(0)	USA	43.20323552	-89.74142256
TgCyW6(100)	USA	43.02416667	89.93277778
TgRaW1(nd)	USA	43.2088756	-89.74805132
TgRaW2(nd)	USA	43.20432017	-89.74520665
TgRaW3(75)	USA	43.20519748	-89.74041591
TgRaW4(0)	USA	43.20708156	-89.74333569
TgRaW5(0)	USA	43.20367263	-89.74259937
TgSkW1(0)	USA	43.20786735	-89.73966998
TgCatMx4(0)	Mexico	20.90061716	-99.23151617
TgCkMx4(0)	Mexico	19.35769361	-99.62768652
TgCatMx1(0)	Mexico	20.90557311	-99.22649671
TgCatMx1b(0)	Mexico	20.90562392	-99.22305682
TgCatMx2(0)	Mexico	20.90564371	-99.23129801
TgCatMx3(0)	Mexico	20.90180948	-99.22595333
TgCatMx5(0)	Mexico	20.90006298	-99.22605179
TgCkMx1(0)	Mexico	19.35556527	-99.62563877
TgCkMx2(0)	Mexico	19.36373579	-99.62943891
TgCkMx3(0)	Mexico	19.35918275	-99.62992307
TgDgMx1(0)	Mexico	20.90408037	-99.23205884
TgDgMx2(0)	Mexico	20.90432518	-99.2262418
TgDgMx3(0)	Mexico	20.90926116	-99.2307511
TgRsCr1(0)	Costa Rica	9.933330556	-84.08333056
TgCkBr10(100)	Brazil	-21.75628609	-41.31132777
TgCkBr100(nd)	Brazil	-22.99856365	-53.19548631
TgCkBr101(100)	Brazil	-22.99467156	-53.18960029
TgCkBr102(100)	Brazil	-22.99411357	-53.18800598
TgCkBr104(100)	Brazil	-22.99993734	-53.18839996
TgCkBr11(nd)	Brazil	-21.75739551	-41.31772862
TgCkBr117(60)	Brazil	-9.732953497	-62.69817085
TgCkBr119(0)	Brazil	-9.735172269	-62.69768365
TgCkBr120(0)	Brazil	-9.734152427	-62.69776656
TgCkBr122(0)	Brazil	-9.731687056	-62.69489651
TgCkBr123(80)	Brazil	-9.739832711	-62.69508418
TgCkBr124(100)	Brazil	-9.738606761	-62.69229902
TgCkBr126(100)	Brazil	-9.731171509	-62.69638224
TgCkBr127(100)	Brazil	-9.732823662	-62.6936429
TgCkBr129(0)	Brazil	-9.737014395	-62.69419206
TgCkBr13(100)	Brazil	-21.75655717	-41.30999717
TgCkBr130(0)	Brazil	-9.735788306	-62.68974267
TgCkBr131(0)	Brazil	-9.739090772	-62.69161198
TgCkBr132(0)	Brazil	-9.738646372	-62.69077613
TgCkBr133(10)	Brazil	-9.734055873	-62.69035434
TgCkBr134(0)	Brazil	-9.74014819	-62.69022903
TgCkBr135(0)	Brazil	-9.738292453	-62.69384882
TgCkBr136(80)	Brazil	-9.737880132	-62.69732217
TgCkBr137(0)	Brazil	-9.738145373	-62.69447351
TgCkBr138(100)	Brazil	-9.74017361	-62.69304828
TgCkBr139(100)	Brazil	-9.738878321	-62.69589078
TgCkBr140(0)	Brazil	-9.737749533	-62.69102356
TgCkBr16(100)	Brazil	-21.75530142	-41.31300484
TgCkBr165(0)	Brazil	-8.17924	-36.02794
TgCkBr166(0)	Brazil	-8.24604	-35.51752
TgCkBr167(0)	Brazil	-20.52334	-43.69486
TgCkBr168(0)	Brazil	-5.26	-36.72222
TgCkBr169(100)	Brazil	-5.0792	-37.6174
TgCkBr169(100x)	Brazil	-22.9098312	-43.19955748
TgCkBr17(nd)	Brazil	-21.75971427	-41.3102562
TgCkBr170(0)	Brazil	-5.66417	-37.79889
TgCkBr171(0)	Brazil	-3.735799896	-43.35889439
TgCkBr172(0)	Brazil	-3.734833018	-43.35043553
TgCkBr173(0)	Brazil	-11.1817	-40.5121
TgCkBr174(0)	Brazil	-11.0681	-40.4324
TgCkBr176(0)	Brazil	-11.0681	-40.4324
TgCkBr177(100)	Brazil	-11.0681	-40.4324
TgCkBr178(0)	Brazil	-24.95063749	-53.45633445
TgCkBr179(0)	Brazil	-24.94798438	-53.45143974
TgCkBr180(0)	Brazil	-24.95486642	-53.4572949
TgCkBr181(100)	Brazil	-4.963268821	-39.01575783
TgCkBr182(100)	Brazil	-4.966644511	-39.012046
TgCkBr183(0)	Brazil	-4.967861525	-39.00992042
TgCkBr184(0)	Brazil	-10.6872	-37.4329
TgCkBr185(0)	Brazil	-22.41404369	-44.28963266
TgCkBr186(100)	Brazil	-22.41744771	-44.28921823
TgCkBr19(100)	Brazil	-21.76098582	-41.31802117
TgCkBr23(100)	Brazil	-21.75830606	-41.30925647
TgCkBr24(100)	Brazil	-21.75447246	-41.31649894
TgCkBr26(nd)	Brazil	-22.90987835	-43.20609995
TgCkBr27(100x)	Brazil	-22.90848614	-43.19982093
TgCkBr28(nd)	Brazil	-22.90020564	-43.20108349
TgCkBr30(100x)	Brazil	-22.90122936	-43.20644141
TgCkBr31(nd)	Brazil	-22.9020669	-43.20430089
TgCkBr32(nd)	Brazil	-22.90378273	-43.20927172
TgCkBr33(nd)	Brazil	-22.90915469	-43.20233026
TgCkBr34(100x)	Brazil	-22.90336992	-43.19978481
TgCkBr36(nd)	Brazil	-22.90057548	-43.19963042
TgCkBr37(100x)	Brazil	-22.90051035	-43.20227893
TgCkBr38(100x)	Brazil	-22.90955354	-43.20297622
TgCkBr40(100x)	Brazil	-22.90470939	-43.20773764
TgCkBr41(100x)	Brazil	-22.9077165	-43.20105612
TgCkBr42(100x)	Brazil	-22.90816366	-43.19981394
TgCkBr44(100x)	Brazil	-22.90943011	-43.20128868
TgCkBr45(100x)	Brazil	-22.90410427	-43.20042812
TgCkBr46(100x)	Brazil	-22.90932681	-43.20626192
TgCkBr47(100x)	Brazil	-22.90816498	-43.20819797
TgCkBr48(100x)	Brazil	-22.90104375	-43.20865441
TgCkBr49(100x)	Brazil	-22.90758397	-43.20047415
TgCkBr50(nd)	Brazil	-22.90673068	-43.2040913
TgCkBr51(100x)	Brazil	-22.90956189	-43.20405073
TgCkBr52(nd)	Brazil	-22.9009963	-43.20514037
TgCkBr54(100x)	Brazil	-22.90251143	-43.20653813
TgCkBr55(100x)	Brazil	-22.902194	-43.20841082
TgCkBr56(nd)	Brazil	-22.90973276	-43.20695752
TgCkBr57(100x)	Brazil	-22.90918214	-43.20816028
TgCkBr58(nd)	Brazil	-22.90763744	-43.20029857
TgCkBr59(100x)	Brazil	-22.90908167	-43.20762783
TgCkBr60(100x)	Brazil	-22.90857599	-43.20576715
TgCkBr61(100x)	Brazil	-22.90232625	-43.20543082
TgCkBr62(100x)	Brazil	-22.90976521	-43.20049285
TgCkBr64(100x)	Brazil	-22.90386054	-43.20487963
TgCkBr65(100x)	Brazil	-22.90981331	-43.20716445
TgCkBr66(100x)	Brazil	-22.90382562	-43.20300604
TgCkBr67(100x)	Brazil	-22.90475663	-43.20934739
TgCkBr69(nd)	Brazil	-22.90458171	-43.2016546
TgCkBr7(nd)	Brazil	-21.75649131	-41.31240309
TgCkBr74(nd)	Brazil	-22.90387754	-43.2068119
TgCkBr75(100x)	Brazil	-22.90080338	-43.19964716
TgCkBr76(100x)	Brazil	-22.90583676	-43.20370246
TgCkBr78(100x)	Brazil	-22.90711163	-43.20664238
TgCkBr79(100x)	Brazil	-22.90574543	-43.20765899
TgCkBr8(nd)	Brazil	-21.75428569	-41.31677804
TgCkBr80(100x)	Brazil	-22.90910008	-43.20836769
TgCkBr81(100x)	Brazil	-22.90537062	-43.20008488
TgCkBr82(nd)	Brazil	-22.90208579	-43.20749682
TgCkBr84(nd)	Brazil	-22.90760492	-43.20641492
TgCkBr85(nd)	Brazil	-22.90788071	-43.20234425
TgCkBr86(100x)	Brazil	-22.90630299	-43.20254996
TgCkBr87(100x)	Brazil	-22.90576999	-43.20907018
TgCkBr88(100x)	Brazil	-22.90857936	-43.2088155
TgCkBr89(100x)	Brazil	-22.90602844	-43.20583691
TgCkBr90(nd)	Brazil	-22.907309	-43.20080629
TgCkBr92(100x)	Brazil	-22.90649002	-43.20579668
TgCkBr93(nd)	Brazil	-22.99719842	-53.19171495
TgCkBr94(nd)	Brazil	-22.9924946	-53.18996859
TgCkBr95(nd)	Brazil	-22.99443132	-53.19455717
TgCkBr96(100)	Brazil	-23	-53.19722222
TgCkBr97(100)	Brazil	-22.99588008	-53.19485584
TgCkBr98(100)	Brazil	-22.9936786	-53.1912159
TgCkBr99(nd)	Brazil	-22.99905513	-53.18918117
TgWtdUs1(0)	USA	41.59600218	-91.62034824
TgWtdUs10(0)	USA	48.55087397	-95.59588815
TgWtdUs11(50)	USA	48.5561796	-95.60134146
TgWtdUs12(0)	USA	48.55322442	-95.59764181
TgWtdUs13(0)	USA	48.55179948	-95.59476276
TgWtdUs14(0)	USA	48.55656404	-95.59625676
TgWtdUs15(0)	USA	48.55662268	-95.59790267
TgWtdUs2(0)	USA	41.60154872	-91.62411712
TgWtdUs3(0)	USA	41.59784015	-91.62331528
TgWtdUs4(0)	USA	41.59929221	-91.62176732
TgWtdUs5(0)	USA	41.59920047	-91.62520834
TgWtdUs6(0)	USA	41.60054128	-91.62388084
TgWtdUs7(0)	USA	48.55153263	-95.5962645
TgWtdUs8(0)	USA	48.54706944	-95.60069618
TgWtdUs9(0)	USA	48.55630524	-95.59836222
TgCkUsIL1(25)	USA	41.85572651	-87.64560331
TgCkUsIL10(0)	USA	41.85172469	-87.64216354
TgCkUsIL11(0)	USA	41.85319118	-87.64559665
TgCkUsIL2(0)	USA	41.85107912	-87.64490536
TgCkUsIL3(0)	USA	41.85396415	-87.64420537
TgCkUsIL4(0)	USA	41.85174834	-87.64804447
TgCkUsIL5(0)	USA	41.85966288	-87.64379624
TgCkUsIL6(0)	USA	41.85059479	-87.64544869
TgCkUsIL7(0)	USA	41.85515352	-87.64989436
TgCkUsIL8(0)	USA	41.85545279	-87.64637661
TgCkUsIL9(0)	USA	41.85052915	-87.64086922
TgGoUs1(0)	USA	41.85206884	-87.64031325
TgCtPRC1(0)	China	35.00820016	105.0057251
TgCtPRC10(0)	China	35.00843339	105.0090073
TgCtPRC11(0)	China	35.0082157	105.0086406
TgCtPRC12(0)	China	35.00130662	105.0006936
TgCtPRC13(0)	China	35.00437544	105.0015253
TgCtPRC14(0)	China	35.0070672	105.0071482
TgCtPRC15(0)	China	35.00437114	105.0043262
TgCtPRC16(0)	China	35.00563622	105.0045238
TgCtPRC17(0)	China	35.00997628	105.0002794
TgCtPRC2(0)	China	35.005588	105.0046332
TgCtPRC3(0)	China	35.00779625	105.0063972
TgCtPRC4(0)	China	35.00394654	105.0077076
TgCtPRC5(0)	China	35.00279767	105.0012009
TgCtPRC6(0)	China	35.00902669	105.0055316
TgCtPRC7(0)	China	35.00633044	105.0017088
TgCtPRC8(0)	China	35.00946648	105.0073965
TgCtPRC9(0)	China	35.00132522	105.0061339
TgPigBr10	Brazil	-7.200526459	-37.74628796
TgPigBrPB11	Brazil	-7.056474624	-37.15186983
TgPigBrPB12	Brazil	-7.017976409	-35.85940062
TgPigBrPB13	Brazil	-7.230833	-35.881667
TgPigBrPB14	Brazil	-7.162778	-36.825
TgPigBrPB16	Brazil	-7.019427942	-35.85425497
TgPigBrPB17 (0)	Brazil	-6.900414765	-37.51521185
TgPigBrPB18	Brazil	-6.895675839	-37.52059589
TgPigBrPB19 (0)	Brazil	-7.022228624	-37.27376327
TgPigBrPB20	Brazil	-7.505881564	-37.63353377
TgPigBrPB21	Brazil	-7.201184377	-37.74695675
TgPigBrPB23	Brazil	-7.025556	-37.277778
TgPigBrPB24	Brazil	-7.015917494	-37.26888199
TgPigBrPB26	Brazil	-7.018785844	-37.26948065
TgPigBrPB27	Brazil	-7.165278	-37.307222
TgPigBrPB3 (0)	Brazil	-7.509487179	-37.63205862
TgPigBrPB8	Brazil	-7.056895547	-37.15744269
TgPigBrPB9	Brazil	-7.196372228	-37.74333476
TgCkBrP7 (100)	Brazil	-7.02070333	-37.26877502
TgCkBrP8 (100)	Brazil	-7.01929687	-37.27536188
TgCkBrPB 15 (100)	Brazil	-7.01835627	-35.85885575
TgCkBrPB1(100)	Brazil	-7.205953998	-37.74419495
TgCkBrPB10 (50)	Brazil	-7.886671168	-37.11252814
TgCkBrPB11 (67)	Brazil	-7.884624152	-37.1074199
TgCkBrPB12 (0)	Brazil	-7.888062893	-37.11431265
TgCkBrPB13 (100)	Brazil	-7.88335186	-37.11525229
TgCkBrPB14 (0)	Brazil	-7.888416812	-37.11394571
TgCkBrPB16 (0)	Brazil	-7.017429852	-35.8504996
TgCkBrPB17 (0)	Brazil	-7.020425256	-35.85869486
TgCkBrPB18 (100)	Brazil	-7.018694898	-35.85298083
TgCkBrPB19 (0)	Brazil	-7.024744761	-35.85531004
TgCkBrPB2 (67)	Brazil	-7.198105529	-37.75175381
TgCkBrPB20 (100)	Brazil	-6.897573122	-37.51821503
TgCkBrPB22 (0)	Brazil	-6.89784443	-37.51922678
TgCkBrPB23 (100)	Brazil	-6.902441981	-37.51280506
TgCkBrPB24 (50)	Brazil	-6.900427879	-37.51418716
TgCkBrPB25 (0)	Brazil	-6.900338683	-37.52077982
TgCkBrPB26 (100)	Brazil	-6.899746612	-37.52004539
TgCkBrPB27 (0)	Brazil	-6.898453338	-37.51805179
TgCkBrPB28 (100)	Brazil	-7.02482998	-37.27131447
TgCkBrPB29 (75)	Brazil	-7.023494062	-37.27047031
TgCkBrPB3 (100)	Brazil	-7.204527002	-37.74558813
TgCkBrPB30 (75)	Brazil	-7.017289588	-37.27231516
TgCkBrPB4 (100)	Brazil	-7.022184339	-37.27700861
TgCkBrPB5 (100)	Brazil	-7.024928285	-37.27657142
TgCkBrPB6 (100)	Brazil	-7.017972862	-37.27307223
TgCkBrPB9 (100)	Brazil	-7.018229123	-37.27530857
TgCkBrPr10(0)	Brazil	-23.28369277	-51.17147848
TgCkBrPr11(0)	Brazil	-23.28502661	-51.16568064
TgCkBrPr13(100)	Brazil	-23.29118154	-51.16361859
TgCkBrPr14(100)	Brazil	-23.29173158	-51.1659027
TgCkBrPr15(0)	Brazil	-23.29262362	-51.17107207
TgCkBrPr16(100)	Brazil	-23.28568247	-51.16539784
TgCkBrPr17(100)	Brazil	-23.29150707	-51.16906861
TgCkBrPr2(100)	Brazil	-23.28356154	-51.17029513
TgCkBrPr3(100)	Brazil	-23.28745215	-51.1710754
TgCkBrPr4(100)	Brazil	-23.29275505	-51.16571222
TgCkBrPr5(100)	Brazil	-23.28329488	-51.16512999
TgCkBrPr7(100)	Brazil	-23.28654539	-51.16727072
TgCkBrPr8(100)	Brazil	-23.28361914	-51.16937136
TgCatEt10a	Ethiopia	9.029223347	38.75303367
TgCatEt11a	Ethiopia	9.025982935	38.75392944
TgCatEt11b	Ethiopia	9.026738742	38.74924728
TgCatEt12a	Ethiopia	9.029492734	38.75080382
TgCatEt13a	Ethiopia	9.026079282	38.75233563
TgCatEt13b	Ethiopia	9.029999426	38.74952216
TgCatEt14a	Ethiopia	9.031226948	38.74961142
TgCatEt15a	Ethiopia	9.032328831	38.74905171
TgCatEt16a	Ethiopia	9.027047563	38.75318952
TgCatEt17a	Ethiopia	9.026528693	38.75261727
TgCatEt18a	Ethiopia	9.029441731	38.7478167
TgCatEt19a	Ethiopia	9.031481429	38.74895003
TgCatEt1a	Ethiopia	9.031197701	38.75021848
TgCatEt20a	Ethiopia	9.032537322	38.75286682
TgCatEt21a	Ethiopia	9.032436599	38.75041379
TgCatEt22a	Ethiopia	9.032700414	38.74875993
TgCatEt23a	Ethiopia	9.026576524	38.75202604
TgCatEt24a	Ethiopia	9.023060557	38.7552262
TgCatEt25a	Ethiopia	9.025609282	38.75093239
TgCatEt26a	Ethiopia	9.02611982	38.75372119
TgCatEt27a	Ethiopia	9.031835425	38.75651328
TgCatEt28a	Ethiopia	9.025773543	38.75570679
TgCatEt2b	Ethiopia	9.027780112	38.75351956
TgCatEt3a	Ethiopia	9.02700983	38.74960231
TgCatEt3b	Ethiopia	9.023361468	38.75472132
TgCatEt4a	Ethiopia	9.030476389	38.74864877
TgCatEt5a	Ethiopia	9.031577229	38.7547877
TgCatEt6a	Ethiopia	9.027970595	38.74923448
TgCatEt6b	Ethiopia	9.025482324	38.7521559
TgCatEt7a	Ethiopia	9.02509797	38.754543
TgCatEt7b	Ethiopia	9.024061987	38.75417699
TgCatEt9a	Ethiopia	9.02764125	38.74760967
TgCatEt9b	Ethiopia	9.031857471	38.75155569
TgGoatUS1(0)	USA	39.29607143	-76.61591041
TgGoatUS10(0)	USA	39.29035093	-76.6169711
TgGoatUS11(0)	USA	39.29150238	-76.6206014
TgGoatUS12(nd)	USA	39.2923045	-76.61724631
TgGoatUS13(0)	USA	39.29656168	-76.61829208
TgGoatUS14(0)	USA	39.29962652	-76.61418073
TgGoatUS15(0)	USA	39.29132326	-76.61382599
TgGoatUS16(0)	USA	39.29771981	-76.61313458
TgGoatUS17(0)	USA	39.29083966	-76.61873187
TgGoatUS18(0)	USA	39.29109173	-76.61769833
TgGoatUS19(nd)	USA	39.29803106	-76.61658454
TgGoatUS2(0)	USA	39.29379536	-76.6168106
TgGoatUS20(nd)	USA	39.29994958	-76.61562703
TgGoatUS21(0)	USA	39.30017533	-76.61331077
TgGoatUS22(0)	USA	39.29640961	-76.61935742
TgGoatUS23(0)	USA	39.29093155	-76.61757351
TgGoatUS24(0)	USA	39.29248388	-76.62007981
TgGoatUS25(nd)	USA	39.2921884	-76.61819448
TgGoatUS26(100)	USA	39.29431867	-76.61469168
TgGoatUS27(0)	USA	39.29310567	-76.62137501
TgGoatUS28(0)	USA	39.2963447	-76.61656252
TgGoatUS29(0)	USA	39.29058165	-76.61370473
TgGoatUS3(0)	USA	39.29145936	-76.62091183
TgGoatUS4(0)	USA	39.29663865	-76.61467747
TgGoatUS5(31)	USA	39.29681688	-76.6201889
TgGoatUS6(100)	USA	39.29497765	-76.61519524
TgGoatUS7(nd)	USA	39.29947187	-76.61434463
TgGoatUS8(0)	USA	39.29963494	-76.61337175
TgGoatUS9(nd)	USA	39.29701223	-76.61297623
TgCkC24Arg	Argentina	-34.92138889	-57.95472222
TgCkC25Arg	Argentina	-34.92543549	-57.94527237
TgCkC26Arg	Argentina	-34.9222885	-57.95436044
TgCkN21Arg	Argentina	-34.9294488	-57.94952175
TgCkP22Arg	Argentina	-34.92749643	-57.9499119
TgCkP24Arg	Argentina	-34.92711127	-57.95050081
TgCkBr234	Brazil	-19.53158008	-40.62250441
TgCkBr235	Brazil	-19.52964418	-40.62494851
TgCkBr236	Brazil	-19.53112894	-40.62281521
TgCkBr237	Brazil	-19.52995833	-40.62312341
TgCkBr238	Brazil	-19.53345323	-40.62803233
TgCkBr239	Brazil	-19.5291304	-40.62895942
TgCkBr240	Brazil	-19.53065883	-40.62608653
TgCkBr241	Brazil	-19.53386597	-40.62425541
TgCkBr242	Brazil	-19.52844392	-40.62338275
TgCkBr243	Brazil	-19.53046622	-40.62582869
TgCkBr244	Brazil	-19.52888662	-40.62389797
TgCkBr245	Brazil	-19.53750658	-40.63198411
TgCkBr246	Brazil	-19.5321246	-40.62865953
TgCkBr247	Brazil	-19.53588513	-40.63205417
TgCkBr248	Brazil	-19.53553214	-40.63021494
TgCkBr249	Brazil	-19.52959153	-40.63007774
TgCkBr250	Brazil	-19.52971598	-40.62265687
TgCkBr253	Brazil	-19.53460701	-40.62360676
TgCkBr254	Brazil	-19.53742572	-40.62447716
TgCkBr254_B	Brazil	-19.53381253	-40.62307823
TgCkBr255	Brazil	-19.52887992	-40.6246435
TgCkBr256	Brazil	-19.53549222	-40.63131364
TgCkBr257	Brazil	-20.64252837	-40.50169343
TgCkBr258	Brazil	-20.64807188	-40.50096127
TgCkBr259	Brazil	-20.64502409	-40.5011469
TgCkBr260	Brazil	-20.64883152	-40.49813585
TgCkBr261	Brazil	-19.38562673	-40.07090455
TgCkBr262	Brazil	-19.38932878	-40.06210109
TgCkBr263	Brazil	-19.38812563	-40.06346878
TgCkBr264	Brazil	-19.38524844	-40.06172401
TgCkBr265	Brazil	-19.38682303	-40.06830378
TgCkBr267	Brazil	-20.40784255	-40.67353666
TgCkBr268	Brazil	-20.40615293	-40.66949126
TgCkBr269	Brazil	-20.40383619	-40.6740457
TgCkBr270	Brazil	-20.40667112	-40.66864798
TgCkBr271	Brazil	-20.40633815	-40.6673714
TgCkBr272	Brazil	-20.41169353	-40.67562449
TgCkBr273	Brazil	-20.4046767	-40.67412384
TgCkBr274	Brazil	-20.40711797	-40.66836022
TgCkBr275	Brazil	-20.40766993	-40.67415969
TgCkBr277	Brazil	-20.12944444	-40.30805556
TgCkBr278	Brazil	-20.32299048	-40.29078471
TgCkBr279	Brazil	-20.32925647	-40.29216595
TgCkBr280	Brazil	-20.3258116	-40.28470035
TgCkBr281	Brazil	-20.32450135	-40.28774998
TgCatBr38(40)	Brazil	-21.20160131	-50.41981259
TgCatBr39(50)	Brazil	-21.20862169	-50.42234921
TgCatBr40(100)	Brazil	-21.2109374	-50.41694936
TgCatBr41(100)	Brazil	-21.20925894	-50.42018459
TgCatBr42(100)	Brazil	-20.71611111	-48.54583333
TgCatBr44(60)	Brazil	-22.97786988	-48.00849538
TgCatBr45(100)	Brazil	-22.98203899	-48.00655393
TgCatBr46(100)	Brazil	-22.98245939	-48.00083864
TgCatBr47(100)	Brazil	-22.97698956	-48.00919016
TgCatBr48(100)	Brazil	-22.97853611	-48.01045546
TgCatBr50(0)	Brazil	-22.1752381	-46.75289396
TgCatBr51(80)	Brazil	-22.1739388	-46.75628129
TgCatBr52(100)	Brazil	-22.17986046	-46.75377262
TgCatBr53(100)	Brazil	-22.17931965	-46.754616
TgCatBr54(75)	Brazil	-22.17768241	-46.75760357
TgCatBr55(100)	Brazil	-22.17777724	-46.75700193
TgCatBr56(100)	Brazil	-22.17585033	-46.75600215
TgCatBr57(100)	Brazil	-22.17540094	-46.75742981
TgCatBr58(0)	Brazil	-24.07115057	-54.24952184
TgCatBr59(0)	Brazil	-24.0751075	-54.25411661
TgCatBr60(0)	Brazil	-24.0768517	-54.25382474
TgCatBr61(0)	Brazil	-24.07877573	-54.25123775
TgCatBr62(100)	Brazil	-24.07252098	-54.25400451
TgCatBr64(100)	Brazil	-22.22083333	-49.94861111
TgCatBr65(0)	Brazil	-23.52893477	-46.78155005
TgCatBr66(0)	Brazil	-23.5216879	-46.78127068
TgCatBr67(40)	Brazil	-21.99201286	-47.42183565
TgCatBr68(75)	Brazil	-21.99254014	-47.42622481
TgCatBr69(75)	Brazil	-21.98618804	-47.42225895
TgCatBr70(80)	Brazil	-21.99005732	-47.42332554
TgCatBr71(100)	Brazil	-21.99413819	-47.42452615
TgCatBr72(100)	Brazil	-21.99134399	-47.41897777
TgCatBr73(0)	Brazil	-21.99603296	-47.42634283
TgCatBr74(0)	Brazil	-21.17643372	-47.8193587
TgCatBr75(100)	Brazil	-21.16825063	-47.81335321
TgCatBr76(100)	Brazil	-21.17644754	-47.81625507
TgCatBr77(60)	Brazil	-20.81858215	-49.37407609
TgCatBr78(100)	Brazil	-20.81759438	-49.37111132
TgCatBr79(100)	Brazil	-20.81051319	-49.37012287
TgCatBr80(100)	Brazil	-20.81849532	-49.36977981
TgCatBr81(67)	Brazil	-23.54611146	-46.63186147
TgCatBr82(100)	Brazil	-23.54352214	-46.63629516
TgCatBr83(0)	Brazil	-23.54386318	-46.62998093
TgCatBr84(100)	Brazil	-23.54300466	-46.6307972
TgFxSv105(nd)	Svalbard	77.87573974	20.9771802
TgFxSv106(nd)	Svalbard	77.88134507	20.9757709
TgFxSv107(nd)	Svalbard	77.8781666	20.98046043
TgFxSv114(nd)	Svalbard	77.88162051	20.97707915
TgFxSv120(nd)	Svalbard	77.87956269	20.98142449
TgFxSv121(nd)	Svalbard	77.88271752	20.97659245
TgFxSv13(nd)	Svalbard	77.88445813	20.97945119
TgFxSv136(nd)	Svalbard	77.88155842	20.979688
TgFxSv140(nd)	Svalbard	77.88330166	20.98315348
TgFxSv144(nd)	Svalbard	77.8828058	20.98486684
TgFxSv148(nd)	Svalbard	77.88473778	20.98389377
TgFxSv169(nd)	Svalbard	77.877981	20.98161199
TgFxSv175(nd)	Svalbard	77.88251012	20.98020454
TgFxSv176(nd)	Svalbard	77.88372408	20.97829833
TgFxSv177(nd)	Svalbard	77.88286034	20.97767794
TgFxSv178(nd)	Svalbard	77.87575546	20.97830402
TgFxSv19(nd)	Svalbard	77.88324627	20.98279929
TgFxSv25(nd)	Svalbard	77.8778822	20.97613346
TgFxSv27(nd)	Svalbard	77.88497798	20.98359739
TgFxSv38(nd)	Svalbard	77.87765695	20.98454535
TgFxSv42(nd)	Svalbard	77.88300918	20.97902787
TgFxSv43(nd)	Svalbard	77.88261076	20.98186349
TgFxSv48(nd)	Svalbard	77.87634375	20.98183359
TgFxSv50(nd)	Svalbard	77.88161998	20.97979797
TgFxSv61(nd)	Svalbard	77.87624724	20.97725622
TgFxSv62(nd)	Svalbard	77.87895653	20.9754052
TgFxSv64(nd)	Svalbard	77.87817602	20.98184512
TgFxSv70(nd)	Svalbard	77.88345966	20.97591581
TgFxSv81(nd)	Svalbard	77.87534646	20.97939187
TgFxSv83(nd)	Svalbard	77.87872743	20.97908578
TgFxSv87(nd)	Svalbard	77.88005276	20.97879876
TgFxSv93(nd)	Svalbard	77.87837952	20.97775253
TgCkCh1(75)	Chile	-38.72246	-72.94716
TgCkCh10(0)	Chile	-38.992886	-73.043228
TgCkCh11(0)	Chile	-38.746403	-72.740466
TgCkCh12(0)	Chile	-38.781698	-72.677621
TgCkCh13(0)	Chile	-38.790461	-72.696765
TgCkCh14(0)	Chile	-38.808604	-72.690344
TgCkCh15(0)	Chile	-38.819609	-72.669554
TgCkCh16(0)	Chile	-38.807448	-72.664662
TgCkCh17(0)	Chile	-38.795382	-72.67618
TgCkCh18(0)	Chile	-38.785341	-72.654683
TgCkCh19(0)	Chile	-38.791638	-72.640731
TgCkCh2(0)	Chile	-38.622971	-73.289234
TgCkCh20(0)	Chile	-38.75497	-72.560834
TgCkCh21(0)	Chile	-38.764009	-72.538165
TgCkCh22(0)	Chile	-38.628459	-72.830222
TgCkCh3(0)	Chile	-38.620813	-73.296142
TgCkCh4(0)	Chile	-38.639395	-73.29289
TgCkCh5(0)	Chile	-38.640329	-73.35615036
TgCkCh6(0)	Chile	-38.639426	-73.31581
TgCkCh7(0)	Chile	-38.674317	-73.306998
TgCkCh8(0)	Chile	-38.665717	-73.277137
TgCkCh9(0)	Chile	-38.66082	-73.296512
TgCkCr1(67)	Costa Rica	11.08505303	-85.64557193
TgCkCr10(80)	Costa Rica	11.07577231	-84.72730469
TgCkCr11(0)	Costa Rica	10.0005502	-84.12416532
TgCkCr12(0)	Costa Rica	10.0093927	-84.19964697
TgCkCr13(nd)	Costa Rica	9.405064862	-83.99760679
TgCkCr14(nd)	Costa Rica	9.401767997	-83.99983844
TgCkCr15(nd)	Costa Rica	9.402371222	-83.99382997
TgCkCr16(nd)	Costa Rica	9.402072328	-83.99310265
TgCkCr17(nd)	Costa Rica	9.401301825	-83.99438543
TgCkCr18(nd)	Costa Rica	9.402009524	-83.99364702
TgCkCr19(nd)	Costa Rica	9.406649396	-83.9919578
TgCkCr2(0)	Costa Rica	11.08559993	-85.64583265
TgCkCr20(nd)	Costa Rica	9.404435072	-83.99969145
TgCkCr21(nd)	Costa Rica	9.404435963	-83.99218759
TgCkCr22(nd)	Costa Rica	9.409392252	-83.99088602
TgCkCr23(nd)	Costa Rica	9.400062928	-83.99467572
TgCkCr24(nd)	Costa Rica	9.404453488	-83.99922128
TgCkCr25(nd)	Costa Rica	9.404097666	-83.99834126
TgCkCr26(nd)	Costa Rica	9.40751006	-83.9925458
TgCkCr27(nd)	Costa Rica	9.404799136	-83.99985227
TgCkCr28(nd)	Costa Rica	10.00207006	-84.12420467
TgCkCr29(nd)	Costa Rica	10.00542693	-84.12424368
TgCkCr3(100)	Costa Rica	11.08956969	-85.64772097
TgCkCr30(nd)	Costa Rica	10.00462707	-84.12704844
TgCkCr31(nd)	Costa Rica	10.00445394	-84.12541097
TgCkCr32(nd)	Costa Rica	10.00102882	-84.13005157
TgCkCr4(100)	Costa Rica	11.0909723	-85.64994398
TgCkCr5(100)	Costa Rica	11.08940282	-85.64819892
TgCkCr6(100)	Costa Rica	11.08632969	-85.64072107
TgCkCr7(60)	Costa Rica	11.066667	-84.733333
TgCkCr8(0)	Costa Rica	11.07198636	-84.73236895
TgCkCr9(50)	Costa Rica	11.07628536	-84.72485259
TgCkGa1	Guatemala	14.81201753	-90.61510249
TgCkGa4	Guatemala	14.80928267	-90.61915011
TgCkGa6	Guatemala	14.81823245	-90.61837173
TgCkGr12	Grenada	12.04444444	-61.67511562
TgCkGr16	Grenada	12.04857642	-61.68055556
TgCkGr17	Grenada	12.04971972	-61.67934795
TgCkGr18	Grenada	12.05342632	-61.67319155
TgCkGr23	Grenada	12.05334777	-61.67577398
TgCkGr24	Grenada	12.20305556	-61.64055556
TgCkGr25	Grenada	12.21005738	-61.6307795
TgCkGr26	Grenada	12.21219488	-61.63906578
TgCkGr29	Grenada	12.16666667	-61.73333333
TgCkNi1(50)	Nicaragua	12.85734217	-86.52434815
TgCkNi10(0)	Nicaragua	12.93572263	-86.34569447
TgCkNi11(0)	Nicaragua	12.85947	-86.52335257
TgCkNi12(25)	Nicaragua	12.89185437	-86.53714721
TgCkNi13(0)	Nicaragua	12.88950234	-86.5364108
TgCkNi14(25)	Nicaragua	12.85380762	-86.52870886
TgCkNi15(0)	Nicaragua	12.65177338	-86.09168336
TgCkNi16(0)	Nicaragua	11.48805556	-85.58805556
TgCkNi17(0)	Nicaragua	11.72683644	-86.21135728
TgCkNi18(0)	Nicaragua	12.93808688	-86.33925496
TgCkNi20(0)	Nicaragua	12.85687945	-86.52348755
TgCkNi21(0)	Nicaragua	12.8511049	-86.52745292
TgCkNi22(0)	Nicaragua	12.8514067	-86.53172873
TgCkNi23(0)	Nicaragua	12.85274248	-86.52896049
TgCkNi25(0)	Nicaragua	12.85175407	-86.5268332
TgCkNi26(0)	Nicaragua	13.40711083	-86.51160539
TgCkNi27(0)	Nicaragua	13.40041207	-86.50507161
TgCkNi29(0)	Nicaragua	12.8692	-85.1412
TgCkNi2x(25)	Nicaragua	12.87499929	-86.52748602
TgCkNi3(0)	Nicaragua	12.94212264	-86.34032558
TgCkNi30(0)	Nicaragua	12.65329731	-86.09647694
TgCkNi32(0)	Nicaragua	12.88885551	-86.53356735
TgCkNi33(0)	Nicaragua	12.87403171	-85.13353379
TgCkNi34(0)	Nicaragua	12.88708246	-86.53748517
TgCkNi35(25)	Nicaragua	12.93844086	-86.34689998
TgCkNi36(0)	Nicaragua	12.88874035	-86.53686369
TgCkNi37(0)	Nicaragua	12.94022285	-86.34093478
TgCkNi38(0)	Nicaragua	12.85348011	-86.52451622
TgCkNi39(0)	Nicaragua	12.94242285	-86.34236066
TgCkNi4(100)	Nicaragua	12.87053367	-86.52577627
TgCkNi40(100)	Nicaragua	12.89237767	-86.53691705
TgCkNi41(100)	Nicaragua	12.9	-86.56666667
TgCkNi42(25)	Nicaragua	11.72496308	-86.20719724
TgCkNi43(100)	Nicaragua	12.89542823	-86.52810993
TgCkNi44(75)	Nicaragua	12.88791354	-86.53605401
TgCkNi45(0)	Nicaragua	11.49517524	85.59731929
TgCkNi46(0)	Nicaragua	12.85085933	-86.53060128
TgCkNi47y(25)	Nicaragua	12.89172856	-86.53385779
TgCkNi48(nd)	Nicaragua	12.89266626	-86.53775318
TgCkNi6(50)	Nicaragua	12.85735792	-86.52908536
TgCkNi7(25)	Nicaragua	12.89255472	-86.53506855
TgCkNi7x(25)	Nicaragua	12.89574121	-86.53009729
TgCkNi8(0)	Nicaragua	12.03799612	-85.26249953
TgCkNi9(100)	Nicaragua	12.03695466	-85.26122449
TgCkPe2	Peru	-12.29074705	-76.97928069
TgCkPe3	Peru	-12.28989657	-76.97616893
TgCkPe4	Peru	-12.28919068	-76.97375477
TgCkPe5	Peru	-12.29138749	-76.98327278
TgCkPe6	Peru	-12.28560562	-76.97942045
TgCkVe 4	Venezuela	90.42239269	-70.31073425
TgCkVe1	Venezuela	90.42171778	-70.31647
TgCkVe10	Venezuela	90.4236448	-70.31242099
TgCkVe11	Venezuela	90.43091128	-70.31344554
TgCkVe3	Venezuela	90.42979223	-70.30714776
TgCkVe5	Venezuela	90.42695882	-70.31088313
TgCkVe6	Venezuela	90.42352153	-70.31156409
TgCtCo1(100)	Colombia	4.537423033	-75.70054514
TgCtCo10(100)	Colombia	4.610589001	-74.07874814
TgCtCo11(100)	Colombia	4.618454745	-74.07402864
TgCtCo12(43)	Colombia	4.61911016	-74.07384881
TgCtCo13(0)	Colombia	4.609766021	-74.07665183
TgCtCo14(100)	Colombia	4.617769484	-74.07348659
TgCtCo15(100)	Colombia	4.617663861	-74.07187572
TgCtCo2(75)	Colombia	4.538293621	-75.69978953
TgCtCo3(0)	Colombia	4.534489223	-75.70311788
TgCtCo4(100)	Colombia	4.54075795	-75.69713636
TgCtCo5(89)	Colombia	4.617243998	-74.07379818
TgCtCo5x(nd)	Colombia	4.617682626	-74.07971268
TgCtCo6(100)	Colombia	4.609761213	-74.08011533
TgCtCo7(100)	Colombia	4.617687017	-74.07823327
TgCtCo8(0)	Colombia	4.615130151	-74.07280118
TgCtCo9(70)	Colombia	4.612990105	-74.07950651
TgCkBr285	Brazil	-12.9644216	-38.5090641
TgCkBr286	Brazil	-12.97031385	-38.50635919
TgCkBr288	Brazil	-12.27226389	-38.95023898
TgCkBr289	Brazil	-12.27101328	-38.94892267
TgCkBr290	Brazil	-12.27220682	-38.95002161
TgCkBr291	Brazil	-12.26564904	-38.95189899
TgCkBr292	Brazil	-12.27102019	-38.95522961
TgCkBr293	Brazil	-12.26914666	-38.95331132
TgCkBr294	Brazil	-14.7909349	-39.02983022
TgCkBr295	Brazil	-14.79262719	-39.02788199
TgCkBr296	Brazil	-14.7906837	-39.0313896
TgCkBr301	Brazil	-14.79347444	-39.02970176
TgCkBr302	Brazil	-14.79478752	-39.02944463
TgCkBr303	Brazil	-14.78895707	-39.03140748
TgCkBr304	Brazil	-14.79493067	-39.03433747
TgCkBr305	Brazil	-14.78799747	-39.03299486
TgCkBr307	Brazil	-14.78758837	-39.02941993
TgCkBr308	Brazil	-14.79167008	-39.03535908
Chicken1	Israel	31.79107146	35.21852
Chicken4	Israel	31.78930059	35.21718265
Chicken40	Israel	31.78758697	35.22448627
Chicken7	Israel	31.78724955	35.22421576
Chicken8	Israel	31.78469044	35.21692506
Chicken91	Israel	31.78433616	35.22149466
Chicken98	Israel	31.78669276	35.22523877
TgCkAt1	Austria	47.52451142	14.55914948
TgCkAt10	Austria	48.03414172	14.65637897
TgCkAt11	Austria	48.04059948	14.6578909
TgCkAt12	Austria	47.5220814	14.55993831
TgCkAt13	Austria	47.52296938	14.55353831
TgCkAt14	Austria	47.52063809	14.55123636
TgCkAt15	Austria	47.51769277	14.55601235
TgCkAt16	Austria	47.52159111	14.55775716
TgCkAt17	Austria	46.81798638	15.32321433
TgCkAt18	Austria	46.82545834	15.32367159
TgCkAt19	Austria	46.82447693	15.32407839
TgCkAt2	Austria	46.72179455	15.27530013
TgCkAt20	Austria	46.82111957	15.32484994
TgCkAt21	Austria	46.82182454	15.32040062
TgCkAt22	Austria	46.72593406	15.27239241
TgCkAt23	Austria	46.72150306	15.26951526
TgCkAt24	Austria	46.72303145	15.27295175
TgCkAt25	Austria	46.72351512	15.27518826
TgCkAt26	Austria	46.71919933	15.27231021
TgCkAt27	Austria	46.71736504	15.2711036
TgCkAt28	Austria	46.71713545	15.27066912
TgCkAt29	Austria	46.71920808	15.26837383
TgCkAt3	Austria	46.72489476	15.26795598
TgCkAt30	Austria	46.72312998	15.2722801
TgCkAt31	Austria	46.72107785	15.27562951
TgCkAt32	Austria	46.72441148	15.27447471
TgCkAt33	Austria	46.71809513	15.27533404
TgCkAt34	Austria	46.72280594	15.27565842
TgCkAt35	Austria	46.72328158	15.26697592
TgCkAt36	Austria	46.71696092	15.27283134
TgCkAt37	Austria	46.72630056	15.26730133
TgCkAt38	Austria	46.72024072	15.27359595
TgCkAt39	Austria	46.71692545	15.27340969
TgCkAt4	Austria	46.82038054	15.31705697
TgCkAt40	Austria	46.72662965	15.2729091
TgCkAt41	Austria	46.71857113	15.27545143
TgCkAt42	Austria	46.72056128	15.27159163
TgCkAt43	Austria	46.72386247	15.26822903
TgCkAt44	Austria	46.72338225	15.26808892
TgCkAt45	Austria	46.71847349	15.26714667
TgCkAt46	Austria	46.72396131	15.27633443
TgCkAt47	Austria	46.72374397	15.27470841
TgCkAt48	Austria	46.71742874	15.27219676
TgCkAt49	Austria	48.03647488	14.65078875
TgCkAt5	Austria	46.82345701	15.31863285
TgCkAt50	Austria	48.03421304	14.65140414
TgCkAt51	Austria	48.04028814	14.65054138
TgCkAt52	Austria	46.87068823	15.90656228
TgCkAt53	Austria	46.86775892	15.90027159
TgCkAt54	Austria	46.87248803	15.90423407
TgCkAt55	Austria	46.87096614	15.90552322
TgCkAt56	Austria	46.87229096	15.90208079
TgCkAt57	Austria	46.86940757	15.90949423
TgCkAt58	Austria	46.87570931	15.90738204
TgCkAt59	Austria	46.8672592	15.90993999
TgCkAt6	Austria	46.80681038	15.30117318
TgCkAt60	Austria	46.87173212	15.90359981
TgCkAt61	Austria	46.86870437	15.90863788
TgCkAt62	Austria	47.00191071	15.93344303
TgCkAt63	Austria	47.0024256	15.9355067
TgCkAt64	Austria	47.00525168	15.94260976
TgCkAt65	Austria	47.00496104	15.94294665
TgCkAt66	Austria	47.00970047	15.9372841
TgCkAt67	Austria	47.00876521	15.93790357
TgCkAt7	Austria	46.80905456	15.30946591
TgCkAt8	Austria	48.04229881	14.65393446
TgCkAt9	Austria	48.04107798	14.65637263
TgCkPr1	Portugal	40.2333333	8.75
TgCkPr10	Portugal	40.68879735	-8.463550378
TgCkPr11	Portugal	40.69032999	-8.460790635
TgCkPr12	Portugal	40.69126138	-8.457385866
TgCkPr13	Portugal	41.53364112	-8.616217454
TgCkPr14	Portugal	41.5410434	-8.608266488
TgCkPr15	Portugal	41.54100119	-8.613937377
TgCkPr16	Portugal	41.53950608	-8.610748834
TgCkPr2	Portugal	41.33453108	-8.697250292
TgCkPr3	Portugal	41.34253265	-8.690165285
TgCkPr4	Portugal	41.33435441	-8.699582998
TgCkPr5	Portugal	41.34257265	-8.692394218
TgCkPr6	Portugal	40.69050238	-8.462742853
TgCkPr7	Portugal	40.6902688	-8.460666906
TgCkPr8	Portugal	40.68617703	-8.462843496
TgCowPr1	Portugal	38.5	-28
TgSoUs40(0)	USA	47.18287993	-124.186241
TgSoUs41(0)	USA	47.60950155	-124.3703788
TgSoUs42(0)	USA	46.97666667	-123.81
TgSoUs43(0)	USA	48.1182234	-123.4349498
TgSoUs44(0)	USA	47.07	-124.1658333
TgSoUs45(0)	USA	47.11780639	-124.1683965
TgSoUs46(0)	USA	47.90388889	-124.6333333
TgSoUs47(0)	USA	48.11703228	-123.4311606
TgSoUs48(0)	USA	48.11703228	-123.4311606
TgSoUs49(0)	USA	47.23611111	-124.2127778
TgSoUs50(0)	USA	47.17615407	-124.190535
TgSoUs51(0)	USA	46.2996	-124.0654
TgSoUs52(0)	USA	47.20533333	-124.202
TgSoUs53(0)	USA	46.89303889	-124.0409889
TgSoUs54(0)	USA	48.11953286	-123.4320451
TgSoUs55(0)	USA	47.12694883	-124.1701282
TgSoUs56(0)	USA	47.813901	-123.690832
TgSoUs57(0)	USA	47.1347172	-124.0477494
TgSoUs58(0)	USA	47.61440317	-124.3623335
TgSoUs59(0)	USA	46.849419	-124.110179
TgSoUs60(0)	USA	47.61041158	-124.3612852
TgSoUs61(0)	USA	48.2759	-124.6803
TgCkBr188(0)	Brazil	-20.46386153	-55.78489022
TgCkBr189(80)	Brazil	-20.46266819	-55.77982571
TgCkBr190(0)	Brazil	-20.45851324	-55.77681277
TgCkBr191(0)	Brazil	-20.46286013	-55.78594393
TgCkBr192(0)	Brazil	-20.46666197	-55.78237424
TgCkBr193(0)	Brazil	-20.46356266	-55.77702812
TgCkBr194(0)	Brazil	-20.45960607	-55.7787383
TgCkBr195(0)	Brazil	-20.46163376	-55.7803335
TgCkBr196(0)	Brazil	-20.46047889	-55.78028444
TgCkBr197(100)	Brazil	-20.46673724	-55.77876756
TgCkBr199(0)	Brazil	-23.78972968	-54.28196565
TgCkBr200(0)	Brazil	-23.79384908	-54.27438338
TgCkBr201(0)	Brazil	-23.78981897	-54.27940749
TgCkBr202(20)	Brazil	-23.79422549	-54.27305399
TgCkBr203(60)	Brazil	-23.7916822	-54.28244354
TgCkBr204(40)	Brazil	-23.79368929	-54.27399417
TgCkBr205(40)	Brazil	-23.78964209	-54.28252603
TgCkBr206(0)	Brazil	-23.7971361	-54.2806343
TgCkBr207(20)	Brazil	-23.79717651	-54.27690172
TgCkBr208(0)	Brazil	-23.79084628	-54.27450305
TgCkBr209(0)	Brazil	-23.79380591	-54.27549591
TgCatBr1(100)	Brazil	-22.99882176	-53.18840147
TgCatBr10(100)	Brazil	-22.99488714	-53.19303287
TgCatBr11(100)	Brazil	-22.99841562	-53.19298378
TgCatBr12(100)	Brazil	-22.99609847	-53.19500973
TgCatBr15(100)	Brazil	-22.99692017	-53.19164776
TgCatBr16(100)	Brazil	-22.99571632	-53.19707841
TgCatBr17(100)	Brazil	-22.99663788	-53.1872743
TgCatBr18(100)	Brazil	-22.99882926	-53.19206215
TgCatBr19(100)	Brazil	-22.99192374	-53.19210107
TgCatBr2(100)	Brazil	-22.99513602	-53.18731236
TgCatBr20(100)	Brazil	-22.99657765	-53.19044311
TgCatBr21(100)	Brazil	-22.99213474	-53.18796295
TgCatBr22(100)	Brazil	-22.99419345	-53.18834231
TgCatBr23(80)	Brazil	-22.99467759	-53.18787548
TgCatBr25(100)	Brazil	-22.99410564	-53.18967086
TgCatBr26(80)	Brazil	-22.99504476	-53.19064282
TgCatBr28(0)	Brazil	-22.9976572	-53.19648612
TgCatBr3(0)	Brazil	-22.99634512	-53.19452945
TgCatBr30(100)	Brazil	-22.99150709	-53.19282991
TgCatBr31(100)	Brazil	-22.99206773	-53.18941994
TgCatBr32(67)	Brazil	-22.9922461	-53.18730803
TgCatBr34(100)	Brazil	-22.99315305	-53.18872085
TgCatBr37(100)	Brazil	-22.9986932	-53.18986378
TgCatBr4(0)	Brazil	-22.99247326	-53.19252245
TgCatBr5(100)	Brazil	-22.99923393	-53.19218272
TgCatBr6-20(nd)	Brazil	-22.99140108	-53.19461174
TgCatBr7(100)	Brazil	-22.99814454	-53.18922309
TgCatBr9(100)	Brazil	-22.99378514	-53.1883216
TgSoUs1(nd)	USA	36.98034759	-122.0210516
TgSoUs18(nd)	USA	36.97945874	-122.0273807
TgSoUs19(nd)	USA	35.28879535	-120.6551518
TgSoUs2(0)	USA	36.61276848	-121.8905536
TgSoUs20(nd)	USA	36.61334689	-121.8956602
TgSoUs21(nd)	USA	36.97654333	-122.0284246
TgSoUs26(nd)	USA	47.75540787	-120.7397577
TgSoUs27(nd)	USA	47.75285287	-120.7307661
TgSoUs29(0)	USA	47.75503778	-120.7339444
TgSoUs3(nd)	USA	36.97428205	-122.0256129
TgSoUs30(0)	USA	47.75775233	-120.7371369
TgSoUs35(nd)	USA	47.75905344	-120.738747
TgSoUs36(0)	USA	47.76096544	-120.7309571
TgSoUs37(0)	USA	47.75858386	-120.736168
TgSoUs39(0)	USA	47.75989063	-120.7383168
TgSoUs4(nd)	USA	35.28835774	-120.6563792
TgSoUs5(0)	USA	36.61037727	-121.8947882
TgPgUs 100	USA	41.20986372	-77.18606905
TgPgUs 101	USA	41.20623866	-77.19192233
TgPgUs 102	USA	41.20418592	-77.1926413
TgPgUs 103	USA	41.21159026	-77.1845131
TgPgUs 104	USA	41.20617044	-77.18730549
TgPgUs 105	USA	41.20920584	-77.19423342
TgPgUs 106	USA	41.21134386	-77.18805891
TgPgUs 107	USA	41.2081099	-77.18755535
TgPgUs 108	USA	41.20423657	-77.18886423
TgPgUs 114	USA	41.20523757	-77.19102405
TgPgUs 115	USA	41.21162633	-77.18672924
TgPgUs 116	USA	41.21268352	-77.18543799
TgPgUs 117	USA	41.20673614	-77.18825085
TgPgUs 118	USA	41.20597472	-77.18797448
TgPgUs 119	USA	41.21193468	-77.18976573
TgPgUs 120	USA	41.21306745	-77.19287437
TgPgUs 121	USA	41.20332634	-77.18542177
TgPgUs 122	USA	41.20403756	-77.18602868
TgPgUs 123	USA	41.21329163	-77.18668352
TgPgUs 124	USA	41.20839304	-77.1942392
TgPgUs 125	USA	41.20728274	-77.18748203
TgPgUs 126	USA	41.20952183	-77.18488471
TgPgUs 127	USA	41.208431	-77.18527648
TgPgUs 128	USA	41.20482533	-77.19226656
TgPgUs 16	USA	41.03439705	-93.76364261
TgPgUs 162	USA	42.36162481	-71.05945211
TgPgUs 20	USA	41.03978665	-93.76309402
TgPgUs 25	USA	41.03487671	-93.75985369
TgPgUs 26	USA	41.04238103	-93.76178476
TgPgUs 40	USA	41.03813952	-93.76489893
TgPgUs 42	USA	41.04173324	-93.7605144
TgPgUs 47	USA	41.03789779	-93.76262337
TgPgUs 60	USA	41.03467707	-93.76662329
TgPgUs 65	USA	41.03685012	-93.76545455
TgPgUs 75	USA	41.03978246	-93.75777701
TgPgUs 78	USA	41.03526718	-93.76138619
TgPgUs 79	USA	41.03538811	-93.76413563
TgPgUs 80	USA	41.04382746	-93.76408782
TgPgUs 82	USA	41.04094074	-93.75771869
TgPgUs 84	USA	41.04004267	-93.7640243
TgPgUs 90	USA	41.03834935	-93.76082639
TgPgUs 96	USA	41.04372844	-93.76615514
TgPgUs1(0)	USA	39.27470049	-77.17197661
TgPgUs10(0)	USA	39.27577973	-77.17804223
TgPgUs109	USA	41.20878664	-77.18913319
TgPgUs11(0)	USA	39.27760436	-77.1787345
TgPgUs110	USA	41.21233504	-77.18753044
TgPgUs111	USA	41.20935691	-77.19215865
TgPgUs112	USA	41.20819564	-77.18517034
TgPgUs113	USA	41.20811314	-77.19062691
TgPgUs12(0)	USA	39.27502551	-77.17762684
TgPgUs129	USA	42.36115339	-71.06160851
TgPgUs13(0)	USA	39.27048353	-77.17337472
TgPgUs130	USA	42.36677591	-71.0628139
TgPgUs132	USA	42.36492604	-71.06193064
TgPgUs133	USA	42.36481036	-71.05654889
TgPgUs134	USA	42.36563456	-71.06134135
TgPgUs135	USA	42.3592966	-71.06219737
TgPgUs136	USA	42.36773759	-71.05701785
TgPgUs137	USA	42.36289288	-71.06180547
TgPgUs138	USA	42.36699612	-71.05751235
TgPgUs139	USA	42.36741778	-71.05967726
TgPgUs14(0)	USA	39.27247926	-77.17074313
TgPgUs140	USA	42.36362846	-71.06148102
TgPgUs141	USA	42.36166806	-71.05872547
TgPgUs142	USA	42.35939421	-71.06317801
TgPgUs143	USA	42.36059691	-71.0588959
TgPgUs144	USA	42.36342763	-71.06178569
TgPgUs144_B	USA	42.36178185	-71.06214491
TgPgUs145	USA	42.36061315	-71.06181168
TgPgUs146	USA	42.35863744	-71.0578481
TgPgUs147	USA	42.36404889	-71.06105358
TgPgUs148	USA	42.3612936	-71.05813163
TgPgUs149	USA	42.35925872	-71.06173587
TgPgUs150	USA	42.36177793	-71.06099072
TgPgUs151	USA	42.3627817	-71.0560193
TgPgUs152	USA	42.36152241	-71.06365246
TgPgUs153	USA	42.36255936	-71.06296947
TgPgUs154	USA	42.36459307	-71.05665809
TgPgUs155	USA	42.36351552	-71.06404865
TgPgUs156	USA	42.36317201	-71.06230265
TgPgUs157	USA	42.36657713	-71.06339913
TgPgUs158	USA	42.36624016	-71.06127285
TgPgUs159	USA	42.36501434	-71.06331962
TgPgUs15-a.k.a.P45	USA	41.03980932	-93.76502947
TgPgUs15-a.k.a.P46	USA	41.04232877	-93.76528489
TgPgUs15-a.k.a.P55	USA	41.04163789	-93.75711371
TgPgUs15-a.k.a.P57	USA	41.03476134	-93.76172738
TgPgUs15-a.k.a.P58	USA	41.0435023	-93.75949744
TgPgUs15-a.k.a.P76	USA	41.0436202	-93.7628483
TgPgUs15-a.k.a.P89(0)	USA	41.03767872	-93.76381449
TgPgUs15-a.k.a.P92	USA	41.04340234	-93.75979908
TgPgUs160	USA	42.36402225	-71.06397592
TgPgUs161	USA	42.36187693	-71.05772223
TgPgUs163	USA	42.36110873	-71.06388771
TgPgUs164	USA	42.36586481	-71.05563781
TgPgUs165	USA	42.36313186	-71.05738194
TgPgUs166	USA	42.35835619	-71.05793459
TgPgUs167	USA	42.36282443	-71.05683373
TgPgUs168	USA	42.35873848	-71.05788289
TgPgUs169	USA	42.36439029	-71.06136796
TgPgUs17	USA	41.04015506	-93.76123977
TgPgUs170	USA	42.36297656	-71.06306674
TgPgUs171	USA	42.35917387	-71.05809771
TgPgUs172	USA	42.36736738	-71.05646474
TgPgUs173	USA	42.36179977	-71.05656879
TgPgUs174	USA	42.36154055	-71.05801902
TgPgUs175	USA	42.36204505	-71.06314406
TgPgUs176	USA	42.36091901	-71.06028298
TgPgUs177	USA	42.36103753	-71.06367115
TgPgUs178	USA	42.35853922	-71.0627387
TgPgUs179	USA	42.36231579	-71.05681669
TgPgUs18	USA	41.03467228	-93.76647184
TgPgUs180	USA	42.36677047	-71.05719356
TgPgUs181	USA	42.35832034	-71.05910258
TgPgUs182	USA	40.0583	-74.4057
TgPgUs19	USA	41.04390943	-93.75960355
TgPgUs2(0)	USA	39.27497767	-77.17206994
TgPgUs21	USA	41.04400259	-93.76245964
TgPgUs22	USA	41.04072894	-93.76635365
TgPgUs23	USA	41.0373806	-93.76497255
TgPgUs24	USA	41.03609956	-93.76515477
TgPgUs27	USA	41.03630748	-93.75996713
TgPgUs28	USA	41.03973706	-93.76616188
TgPgUs29	USA	41.03917151	-93.76508928
TgPgUs3(0)	USA	39.27268086	-77.17317599
TgPgUs30	USA	41.04182705	-93.7603927
TgPgUs31	USA	41.04011628	-93.76417824
TgPgUs32	USA	41.04403423	-93.7647726
TgPgUs33	USA	41.03501238	-93.7643003
TgPgUs34	USA	41.03575778	-93.75769075
TgPgUs35	USA	41.03625203	-93.76091231
TgPgUs36	USA	41.04352096	-93.75761471
TgPgUs37	USA	41.03972808	-93.76456566
TgPgUs38	USA	41.03619086	-93.75940589
TgPgUs39	USA	41.03821283	-93.75966619
TgPgUs4(0)	USA	39.27199175	-77.17802215
TgPgUs41	USA	41.04211977	-93.76325347
TgPgUs43	USA	41.04250175	-93.75965747
TgPgUs44	USA	41.0380834	-93.76402845
TgPgUs48	USA	41.03448565	-93.7582175
TgPgUs49	USA	41.04099205	-93.7587916
TgPgUs5(0)	USA	39.274118	-77.1699113
TgPgUs50	USA	41.04167711	-93.76112383
TgPgUs51	USA	41.03925074	-93.75844591
TgPgUs52	USA	41.03944541	-93.75701508
TgPgUs53	USA	41.03440767	-93.76423282
TgPgUs54	USA	41.03905218	-93.76581824
TgPgUs56	USA	41.03974092	-93.76304278
TgPgUs59	USA	41.03861547	-93.76205602
TgPgUs6(0)	USA	39.27133113	-77.17106716
TgPgUs61	USA	41.04359807	-93.76412683
TgPgUs62	USA	41.04384409	-93.75965424
TgPgUs63	USA	41.03637049	-93.75869214
TgPgUs64	USA	41.04254066	-93.76189205
TgPgUs66	USA	41.03766773	-93.76301784
TgPgUs67	USA	41.04187735	-93.76196701
TgPgUs68	USA	41.03873086	-93.75736137
TgPgUs69	USA	41.03764387	-93.75829239
TgPgUs7(0)	USA	39.27401784	-77.17325348
TgPgUs70	USA	41.04127526	-93.75689774
TgPgUs71	USA	41.04364205	-93.76005427
TgPgUs72	USA	41.03630042	-93.76021099
TgPgUs73	USA	41.03622937	-93.76387456
TgPgUs74	USA	41.04246436	-93.75862442
TgPgUs77	USA	41.03789801	-93.76220888
TgPgUs8(0)	USA	39.27616947	-77.17837578
TgPgUs81	USA	41.03852277	-93.76121058
TgPgUs83	USA	41.04118613	-93.7631985
TgPgUs85	USA	41.03759519	-93.75894083
TgPgUs86	USA	41.04015453	-93.76115416
TgPgUs87	USA	41.03931658	-93.76645823
TgPgUs88	USA	41.03983429	-93.76455565
TgPgUs89	USA	41.03944444	-93.76571673
TgPgUs9(0)	USA	39.27424886	-77.17339981
TgPgUs91	USA	41.04250691	-93.76385722
TgPgUs93	USA	41.0388409	-93.76100142
TgPgUs94	USA	41.04102627	-93.76609261
TgPgUs95	USA	41.03785672	-93.76300177
TgPgUs97	USA	41.04414629	-93.76419497
TgPgUs98	USA	41.03871843	-93.76147526
TgPgUs99	USA	41.04221882	-93.76004972
TgCkBF-1(0)	Burkina Fasco	12.2383	-1.5616
TgCkDROC-10(0)	Congo	-4.321944444	15.32111111
TgCkDROC-3(0)	Congo	-4.369733	15.256448
TgCkDROC-6(0)	Congo	-4.377038108	15.39195081
TgCkDROC-8(0)	Congo	-4.348719444	15.33888889
TgCkDROC-9(0)	Congo	-4.380786945	15.39283373
TgCkEg12(0)	Egypt	30.98392108	30.20924914
TgCkEg13(0)	Egypt	30.98786709	30.20275163
TgCkEg14(0)	Egypt	30.98648794	30.20836205
TgCkEg15(0)	Egypt	30.98722294	30.20777184
TgCkEg16(0)	Egypt	30.99188908	30.20251323
TgCkEg17(0)	Egypt	30.990768	30.2009319
TgCkEg19(0)	Egypt	30.98881132	30.20645114
TgCkKen-1(0)	Kenya	0.583330556	34.46666667
TgCkMal-2(0)	Mali	17.5791705	-3.990786128
TgCkMal-3(0)	Mali	17.57243386	-3.989251861
TgCkMal-4(0)	Mali	17.58035363	-3.993614582
TgCkMal-5(0)	Mali	17.57546764	-3.992966645
TgCkNg1(0)	Plateau	9.166666667	9.75
TgGooseUS1(nd)	USA	39.04575843	-76.91221255
TgGooseUS2(0)	USA	39.04532349	-76.90982541
TgGooseUS3(0)	USA	39.04581376	-76.91438278
TgGooseUS4(0)	USA	39.04469479	-76.90816672
TgGooseUS5(nd)	USA	39.03932352	-76.90812542
TgGooseUS6(0)	USA	39.04420842	-76.90837651
TgGooseUS7(0)	USA	39.04543796	-76.91728722
TgGooseUS8(0)	USA	39.04032268	-76.91697664
TgGooseUS9	USA	39.04080923	-76.91097796
PS-TgBHmBr1	Brazil	-23.54277042	-46.38823161
PS-TgCaEgBr1	Brazil	-3.840128509	-32.41068317
PS-TgCaEgBr2	Brazil	-3.838284307	-32.40540832
PS-TgNbaBr4	Brazil	-2.436591542	-54.69804629
PS-TgSbaBr1	Brazil	-10.63600041	-51.56162732
PS-TgSpPBr1	Brazil	-10.63700848	-51.56155656
PS-TgTinBr1	Brazil	-21.25249775	-48.32064453
TgCantBr1(100)	Brazil	-2.438512552	-54.69609357
TgCantBr2(100)	Brazil	-2.439430976	-54.69563859
TgCantBr3(100)	Brazil	-21.24689115	-48.31536468
TgHoFBr1(100)	Brazil	-21.2509492	-48.31279541
TgLWpBr1(100)	Brazil	-23.54617286	-46.38296027
TgMWBr1(100)	Brazil	-20.9	-47.26666667
TgNbaBr1(100)	Brazil	-2.438968452	-54.69427669
TgNbaBr2(100)	Brazil	-2.435455008	-54.69547485
TgNbaBr3(100)	Brazil	-2.437961997	-54.69012782
TgOncBr1(100)	Brazil	-8.054166667	-34.88138889
TgSbaBr2(100)	Brazil	-18.91138889	-48.26222222
TgSpPBr2(100)	Brazil	-2.432605621	-54.69022435
TgWlpBr1(100)	Brazil	-23.54726281	-46.38432797
TgWlpBr2(100)	Brazil	-2.430568672	-54.68881368
TgWlpBr3(100)	Brazil	-2.437300449	-54.69400403
TgPigCn10-34	China	41.8070016	123.4279038
TgPigCn14-56	China	41.80744616	123.4324364
TgPigCn19-24	China	41.80792741	123.4316428
TgPigCn27-8	China	41.80965086	123.4288843
TgPigCn29-5	China	41.80775092	123.4265131
TgPigCn3-12	China	41.81111412	123.4294055
TgPigCn33-6	China	41.80427524	123.4357486
TgPigCn40-10	China	41.80868572	123.4287949
TgPigCn5-5	China	41.8082022	123.4304226
TgPigCn5-6	China	41.80519913	123.4260624
TgPigCn58-14	China	41.80734585	123.4320291
TgPigCn61-11	China	41.80744723	123.4311748
TgPigCn80-11	China	41.81083963	123.4262655
TgPigCn8-16	China	41.8115795	123.4296459
TgPigCn8-18	China	41.80656306	123.4268537
TgCatEg 115	Egypt	30.02390164	31.22230108
TgCatEg 2	Egypt	30.0194069	31.2256098
TgCatEg 34	Egypt	30.02226997	31.21734845
TgCatEg 5	Egypt	30.02392175	31.22265419
TgCatEg 53	Egypt	30.02125327	31.21756131
TgCatEg 55	Egypt	30.022461	31.22574825
TgCatEg 57	Egypt	30.02325569	31.21669392
TgCatEg 67	Egypt	30.02552099	31.22402409
TgCatEg 88	Egypt	30.02497659	31.22610408
TgCatEg 94	Egypt	30.02443593	31.22154203
TgCatEg1	Egypt	30.02115044	31.22443938
TgCatEg10	Egypt	30.02593429	31.22578431
TgCatEg100	Egypt	30.02556343	31.22334727
TgCatEg101	Egypt	30.01975162	31.22160332
TgCatEg102	Egypt	30.01702772	31.22177317
TgCatEg103	Egypt	30.02646077	31.22100991
TgCatEg104	Egypt	30.02456813	31.22485721
TgCatEg105	Egypt	30.01997881	31.21974373
TgCatEg107	Egypt	30.02104521	31.22653212
TgCatEg108	Egypt	30.01833205	31.2211066
TgCatEg109	Egypt	30.02285607	31.21710625
TgCatEg11	Egypt	30.02125538	31.22407204
TgCatEg110	Egypt	30.02644369	31.22429847
TgCatEg111	Egypt	30.02441782	31.21998422
TgCatEg112	Egypt	30.0204464	31.21700286
TgCatEg113	Egypt	30.02575677	31.22433462
TgCatEg114	Egypt	30.01934134	31.22468144
TgCatEg12	Egypt	30.01978557	31.22422698
TgCatEg13	Egypt	30.02537929	31.22388514
TgCatEg14	Egypt	30.0247645	31.21896308
TgCatEg15	Egypt	30.01866597	31.22250501
TgCatEg16	Egypt	30.01891314	31.21707151
TgCatEg17	Egypt	30.0192932	31.22408254
TgCatEg18	Egypt	30.02224198	31.22134605
TgCatEg19	Egypt	30.02545149	31.2208848
TgCatEg20	Egypt	30.02277355	31.22341378
TgCatEg21	Egypt	30.02566658	31.22273582
TgCatEg22	Egypt	30.01991086	31.22636186
TgCatEg23	Egypt	30.0259474	31.22601937
TgCatEg24	Egypt	30.02279005	31.21955758
TgCatEg25	Egypt	30.02564508	31.22040112
TgCatEg26	Egypt	30.02402023	31.21673846
TgCatEg28	Egypt	30.01882437	31.22444598
TgCatEg29	Egypt	30.02422391	31.22232756
TgCatEg3	Egypt	30.02488588	31.21688306
TgCatEg30	Egypt	30.02638921	31.22327656
TgCatEg31	Egypt	30.02540093	31.22277162
TgCatEg32	Egypt	30.01830169	31.21735063
TgCatEg33	Egypt	30.02556004	31.21906772
TgCatEg35	Egypt	30.02549045	31.22569101
TgCatEg36	Egypt	30.02344562	31.22173984
TgCatEg37	Egypt	30.02507792	31.22142828
TgCatEg38	Egypt	30.02076901	31.22511789
TgCatEg39	Egypt	30.02427277	31.22164508
TgCatEg4	Egypt	30.02147638	31.22196066
TgCatEg41	Egypt	30.01796996	31.22429982
TgCatEg42	Egypt	30.02394568	31.22581148
TgCatEg43	Egypt	30.01875827	31.22400918
TgCatEg44	Egypt	30.02030039	31.21869081
TgCatEg45	Egypt	30.02609543	31.22466779
TgCatEg46	Egypt	30.01901531	31.22480983
TgCatEg47	Egypt	30.02388422	31.22016529
TgCatEg48	Egypt	30.02436093	31.22055649
TgCatEg49	Egypt	30.01746257	31.22628687
TgCatEg50	Egypt	30.01758934	31.22616376
TgCatEg51	Egypt	30.02008356	31.21718028
TgCatEg52	Egypt	30.02004874	31.21999221
TgCatEg54	Egypt	30.02479413	31.2203308
TgCatEg56	Egypt	30.02639389	31.2204256
TgCatEg58	Egypt	30.02544265	31.22018969
TgCatEg59	Egypt	30.02605314	31.22650227
TgCatEg6	Egypt	30.02437355	31.21955685
TgCatEg60	Egypt	30.01712873	31.22087027
TgCatEg61	Egypt	30.01934967	31.22599443
TgCatEg62	Egypt	30.02389706	31.21805425
TgCatEg63	Egypt	30.02111485	31.21877219
TgCatEg64	Egypt	30.02178916	31.22302223
TgCatEg65	Egypt	30.02481632	31.21929085
TgCatEg66	Egypt	30.01730401	31.22105029
TgCatEg68	Egypt	30.0203701	31.22184567
TgCatEg69	Egypt	30.01764913	31.22425747
TgCatEg7	Egypt	30.01868084	31.21937338
TgCatEg70	Egypt	30.01741135	31.22617083
TgCatEg71	Egypt	30.02229379	31.22319215
TgCatEg72	Egypt	30.02634497	31.22159978
TgCatEg73	Egypt	30.0220153	31.22008289
TgCatEg74	Egypt	30.01857561	31.22142605
TgCatEg75	Egypt	30.02297968	31.22488965
TgCatEg76	Egypt	30.018593	31.21984582
TgCatEg77	Egypt	30.01964594	31.2258317
TgCatEg78	Egypt	30.01817954	31.21745639
TgCatEg79	Egypt	30.01744513	31.219619
TgCatEg8	Egypt	30.02515	31.21743294
TgCatEg80	Egypt	30.02135424	31.22497935
TgCatEg81	Egypt	30.0244076	31.2181941
TgCatEg82	Egypt	30.01927208	31.22178548
TgCatEg83	Egypt	30.02094457	31.22092323
TgCatEg84	Egypt	30.01952179	31.21872478
TgCatEg85	Egypt	30.02069005	31.22269967
TgCatEg86	Egypt	30.01950243	31.22171303
TgCatEg87	Egypt	30.01779945	31.21977867
TgCatEg9	Egypt	30.02430234	31.22520482
TgCatEg90	Egypt	30.01992638	31.21694396
TgCatEg91	Egypt	30.02264741	31.22463715
TgCatEg92	Egypt	30.01720209	31.22433988
TgCatEg93	Egypt	30.02255486	31.21944859
TgCatEg95	Egypt	30.01934401	31.2225444
TgCatEg96	Egypt	30.01964605	31.22621066
TgCatEg97	Egypt	30.02576138	31.22100545
TgCatEg98	Egypt	30.02383182	31.21887567
TgCatEg99	Egypt	30.02302106	31.22412126
TgBrCp 14(100)	Brazil	-22.4780611	-47.44867711
TgCpBr 29 (100)	Brazil	-23.54079638	-46.63511676
TgCpBr1(100)	Brazil	-20.89160375	-51.37826975
TgCpBr10(100)	Brazil	-22.47214826	-47.45185291
TgCpBr11(33)	Brazil	-22.47805717	-47.44627134
TgCpBr12(100)	Brazil	-22.4778397	-47.45045326
TgCpBr13(33)	Brazil	-22.4707901	-47.45453834
TgCpBr15(60)	Brazil	-22.47751535	-47.44906156
TgCpBr17(0)	Brazil	-20.46940487	-49.76940859
TgCpBr18(0)	Brazil	-20.47087676	-49.7699457
TgCpBr19(40)	Brazil	-20.46679849	-49.77024589
TgCpBr2(0)	Brazil	-20.8925722	-51.37644851
TgCpBr20(0)	Brazil	-20.47039304	-49.76752702
TgCpBr21(60)	Brazil	-20.46805019	-49.76721946
TgCpBr22(100)	Brazil	-20.47633993	-49.76551973
TgCpBr23(90)	Brazil	-21.17125828	-47.81368374
TgCpBr24(88)	Brazil	-21.17104957	-47.81531458
TgCpBr25(100)	Brazil	-23.54193107	-46.62970171
TgCpBr26(100)	Brazil	-23.54503679	-46.62890525
TgCpBr27(100)	Brazil	-23.54350905	-46.63022447
TgCpBr3(100)	Brazil	-20.88907005	-51.38130455
TgCpBr30(100)	Brazil	-23.54280657	-46.63835244
TgCpBr31(100)	Brazil	-23.53930355	-46.63003927
TgCpBr33(75)	Brazil	-21.17164011	-50.86770276
TgCpBr34(100)	Brazil	-21.17361344	-50.8668659
TgCpBr35(100)	Brazil	-21.17478092	-50.86081539
TgCpBr36(20)	Brazil	-21.17664614	-50.86779197
TgCpBr4(0)	Brazil	-20.89176269	-51.37904596
TgCpBr5(0)	Brazil	-20.88508121	-51.37956228
TgCpBr6(0)	Brazil	-20.88954656	-51.37824738
TgCpBr7(0)	Brazil	-20.89193046	-51.38354337
TgCpBr8(100)	Brazil	-22.47918047	-47.44676771
TgCpBr9(100)	Brazil	-22.47474352	-47.45525193
CN	China	26.42222222	112.4
GYS	China	36.56666667	104.6833333
NT	China	39.62916667	118.1741667
PYS	China	22.93638889	113.3841667
QHO	China	26.9685	114.833
SH	China	31.22222222	121.4580667
TgC1	China	23.12092501	133.2527633
TgC2	China	23.1238422	133.2577623
TgC3	China	23.12469559	133.2554581
TgC4	China	23.12283781	133.2593318
TgC5	China	23.1255682	133.2573533
TgC6	China	23.11909243	133.2590115
TgC7	China	23.12612957	133.2550934
TgC8	China	23.12503243	133.2587739
ZC	China	23.28333333	113.8166667
ZS	China	23.11666667	113.25
ZS1	China	30.29363889	120.1614167