strain	length	A	C	G	T	N	other_IUPAC	-	?	invalid_nucleotides
TgDgSl11(0)	297	64	91	65	77	0	0	0	0	0
TgDgSl12(0)	297	64	91	65	77	0	0	0	0	0
TgDgSl13(0)	297	64	91	65	77	0	0	0	0	0
TgDgSl14(0)	297	64	91	65	77	0	0	0	0	0
TgDgSl16(0)	297	64	91	65	77	0	0	0	0	0
TgDgSl18(0)	297	64	91	65	77	0	0	0	0	0
TgDgSl21(0)	297	65	91	65	76	0	0	0	0	0
TgDgSl22(0)	297	64	91	65	77	0	0	0	0	0
TgDgSl23(0)	297	64	91	65	77	0	0	0	0	0
TgDgSl4(0)	297	64	91	65	77	0	0	0	0	0
TgDgSl5(0)	297	65	90	65	77	0	0	0	0	0
TgDgSl1(0)	297	67	87	64	79	0	0	0	0	0
TgDgSl10(0)	297	65	90	65	77	0	0	0	0	0
TgDgSl15(0)	297	67	87	64	79	0	0	0	0	0
TgDgSl17(0)	297	67	87	64	79	0	0	0	0	0
TgDgSl19(0)	297	67	87	64	79	0	0	0	0	0
TgDgSl2(0)	297	67	87	64	79	0	0	0	0	0
TgDgSl20(0)	297	67	87	64	79	0	0	0	0	0
TgDgSl24(0)	297	67	87	64	79	0	0	0	0	0
TgDgSl3(0)	297	67	87	64	79	0	0	0	0	0
TgDgSl6(0)	297	65	90	65	77	0	0	0	0	0
TgDgSl7(0)	297	67	87	64	79	0	0	0	0	0
TgDgSl8(0)	297	67	87	64	79	0	0	0	0	0
TgDgSl9(0)	297	67	87	64	79	0	0	0	0	0
TgWolfMN10(0)	297	66	86	66	79	0	0	0	0	0
TgWolfMN11(0)	297	67	88	64	78	0	0	0	0	0
TgWolfMN12(0)	297	67	88	64	78	0	0	0	0	0
TgWolfMN13(0)	297	67	88	64	78	0	0	0	0	0
TgWolfMN14(0)	297	67	88	64	78	0	0	0	0	0
TgWolfMN15(0)	297	67	88	64	78	0	0	0	0	0
TgWolfMN16(0)	297	67	88	64	78	0	0	0	0	0
TgWolfMN17(0)	297	67	88	64	78	0	0	0	0	0
TgWolfMN18(0)	297	66	87	66	78	0	0	0	0	0
TgWolfMN19(0)	297	67	88	64	78	0	0	0	0	0
TgWolfMN20(0)	297	65	91	65	76	0	0	0	0	0
TgWolfMN21(0)	297	67	88	64	78	0	0	0	0	0
TgWolfMN22(0)	297	67	88	64	78	0	0	0	0	0
TgWolfMN23(0)	297	67	88	64	78	0	0	0	0	0
TgWolfMN24(0)	297	67	88	64	78	0	0	0	0	0
TgWolfMN25(0)	297	67	88	64	78	0	0	0	0	0
TgWolfMN26(0)	297	67	88	64	78	0	0	0	0	0
TgWolfMN27(0)	297	67	88	64	78	0	0	0	0	0
TgWolfMN28(0)	297	67	88	64	78	0	0	0	0	0
TgWolfMN29(0)	297	67	88	64	78	0	0	0	0	0
TgWolfMN5(0)	297	67	88	64	78	0	0	0	0	0
TgWolfMN6(0)	297	66	87	66	78	0	0	0	0	0
TgWolfMN7(0)	297	67	88	64	78	0	0	0	0	0
TgWolfMN8(0)	297	67	88	64	78	0	0	0	0	0
TgWolfMN9(0)	297	67	88	64	78	0	0	0	0	0
TgDogEg1	297	64	91	65	77	0	0	0	0	0
TgDogEg10	297	64	91	65	77	0	0	0	0	0
TgDogEg11	297	66	86	66	79	0	0	0	0	0
TgDogEg12	297	66	86	66	79	0	0	0	0	0
TgDogEg13	297	65	90	65	77	0	0	0	0	0
TgDogEg14	297	66	86	66	79	0	0	0	0	0
TgDogEg15	297	65	90	65	77	0	0	0	0	0
TgDogEg16	297	66	86	66	79	0	0	0	0	0
TgDogEg17	297	65	90	65	77	0	0	0	0	0
TgDogEg18	297	66	86	66	79	0	0	0	0	0
TgDogEg19	297	66	86	66	79	0	0	0	0	0
TgDogEg19_B	297	66	86	66	79	0	0	0	0	0
TgDogEg2	297	64	91	65	77	0	0	0	0	0
TgDogEg20	297	66	86	66	79	0	0	0	0	0
TgDogEg22	297	65	90	65	77	0	0	0	0	0
TgDogEg3	297	64	91	65	77	0	0	0	0	0
TgDogEg4	297	66	86	66	79	0	0	0	0	0
TgDogEg5	297	65	90	65	77	0	0	0	0	0
TgDogEg6	297	64	91	65	77	0	0	0	0	0
TgDogEg8	297	66	86	66	79	0	0	0	0	0
TgCkGr37(0)	297	65	91	65	76	0	0	0	0	0
TgCkGr38(0)	297	65	88	65	79	0	0	0	0	0
TgCkGr39(0)	297	65	90	65	77	0	0	0	0	0
TgCkGr40(0)	297	65	90	65	77	0	0	0	0	0
TgCkGr41(0)	297	65	90	65	77	0	0	0	0	0
TgCkGr42(0)	297	65	90	65	77	0	0	0	0	0
TgCkGr43(0)	297	65	90	65	77	0	0	0	0	0
TgCkGr45(0)	297	66	86	63	82	0	0	0	0	0
TgCkGr46(0)	297	66	86	63	82	0	0	0	0	0
TgCkGr47(0)	297	65	90	65	77	0	0	0	0	0
TgCkGr48(0)	297	65	90	65	77	0	0	0	0	0
TgCkGr49(0)	297	65	90	65	77	0	0	0	0	0
TgCkGr50(0)	297	65	90	65	77	0	0	0	0	0
TgCkGr51(0)	297	65	90	65	77	0	0	0	0	0
TgCkGr52(0)	297	65	90	65	77	0	0	0	0	0
TgCkGr53(0)	297	65	90	65	77	0	0	0	0	0
TgCkGr54(0)	297	65	90	65	77	0	0	0	0	0
TgCkGr55(0)	297	65	90	65	77	0	0	0	0	0
TgCkGr56(0)	297	66	86	63	82	0	0	0	0	0
TgCkGr57(0)	297	65	90	65	77	0	0	0	0	0
TgDoveBr1	297	66	87	66	78	0	0	0	0	0
TgDoveBr10	297	65	89	65	78	0	0	0	0	0
TgDoveBr11	297	65	92	64	76	0	0	0	0	0
TgDoveBr12	297	65	91	64	77	0	0	0	0	0
TgDoveBr2	297	66	87	66	78	0	0	0	0	0
TgDoveBr6	297	65	89	65	78	0	0	0	0	0
TgDoveBr7	297	65	89	65	78	0	0	0	0	0
TgDoveBr8	297	66	87	66	78	0	0	0	0	0
TgDoveBr9	297	66	87	66	78	0	0	0	0	0
TgCatTr_Izmir1	297	66	86	66	79	0	0	0	0	0
TgCatTr_Izmir10	297	65	90	65	77	0	0	0	0	0
TgCatTr_Izmir11	297	66	86	66	79	0	0	0	0	0
TgCatTr_Izmir12	297	66	86	66	79	0	0	0	0	0
TgCatTr_Izmir13	297	66	86	66	79	0	0	0	0	0
TgCatTr_Izmir14	297	65	90	65	77	0	0	0	0	0
TgCatTr_Izmir15	297	66	86	66	79	0	0	0	0	0
TgCatTr_Izmir16	297	66	86	66	79	0	0	0	0	0
TgCatTr_Izmir17	297	66	86	66	79	0	0	0	0	0
TgCatTr_Izmir18	297	66	86	66	79	0	0	0	0	0
TgCatTr_Izmir19	297	66	86	66	79	0	0	0	0	0
TgCatTr_Izmir2	297	66	86	66	79	0	0	0	0	0
TgCatTr_Izmir20	297	66	86	66	79	0	0	0	0	0
TgCatTr_Izmir21	297	66	86	66	79	0	0	0	0	0
TgCatTr_Izmir22	297	66	86	66	79	0	0	0	0	0
TgCatTr_Izmir3	297	66	86	66	79	0	0	0	0	0
TgCatTr_Izmir4	297	65	89	65	78	0	0	0	0	0
TgCatTr_Izmir5	297	66	86	66	79	0	0	0	0	0
TgCatTr_Izmir6	297	66	86	66	79	0	0	0	0	0
TgCatTr_Izmir7	297	66	86	66	79	0	0	0	0	0
TgCatTr_Izmir8	297	66	86	66	79	0	0	0	0	0
TgCatTr_Izmir9	297	66	86	66	79	0	0	0	0	0
TgCTBr01(100)	297	66	92	62	77	0	0	0	0	0
TgCTBr02(44)	297	66	89	63	79	0	0	0	0	0
TgCTBr03(100)	297	66	92	62	77	0	0	0	0	0
TgCTBr04(100)	297	66	90	63	78	0	0	0	0	0
TgCTBr05(0)	297	65	89	65	78	0	0	0	0	0
TgCTBr07(95)	297	65	87	65	80	0	0	0	0	0
TgCTBr08(100)	297	66	89	63	79	0	0	0	0	0
TgCTBr09(100)	297	66	89	63	79	0	0	0	0	0
TgCTBr10(0)	297	65	89	64	79	0	0	0	0	0
TgCTBr11(100)	297	66	89	63	79	0	0	0	0	0
TgCTBr12(72)	297	65	90	65	77	0	0	0	0	0
TgCTBr13(100)	297	66	91	63	77	0	0	0	0	0
TgCTBr14(63)	297	66	89	63	79	0	0	0	0	0
TgCTBr15(90)	297	65	88	65	79	0	0	0	0	0
TgCTBr17(100)	297	66	90	63	78	0	0	0	0	0
TgCTBr18(75)	297	66	85	65	81	0	0	0	0	0
TgCTBr20(50)	297	66	89	63	79	0	0	0	0	0
TgCTBr21(65)	297	65	90	63	79	0	0	0	0	0
TgCTBr22(95)	297	66	91	62	78	0	0	0	0	0
TgCTBr23(100)	297	65	88	65	79	0	0	0	0	0
TgCTBr24(90)	297	65	86	65	81	0	0	0	0	0
TgCTBr25(100)	297	66	92	62	77	0	0	0	0	0
TgCTBr26(61)	297	66	88	64	79	0	0	0	0	0
TgCTBr27(70)	297	66	89	63	79	0	0	0	0	0
TgOvBrRS1	297	64	92	65	76	0	0	0	0	0
TgOvBrRS2	297	65	92	64	76	0	0	0	0	0
TgOvBrRS3	297	65	92	64	76	0	0	0	0	0
TgOvBrRS4	297	66	87	66	78	0	0	0	0	0
TgOvBrRS5	297	65	87	64	81	0	0	0	0	0
TgFpAR2	297	67	88	64	78	0	0	0	0	0
TgFpAL2	297	67	88	64	78	0	0	0	0	0
TgFpAR1	297	67	88	64	78	0	0	0	0	0
TgFpAR10	297	67	88	64	78	0	0	0	0	0
TgFpAR11	297	67	88	64	78	0	0	0	0	0
TgFpAR3	297	67	88	64	78	0	0	0	0	0
TgFpAR4	297	67	88	64	78	0	0	0	0	0
TgFpAR5	297	67	89	64	77	0	0	0	0	0
TgFpAR6	297	67	88	64	78	0	0	0	0	0
TgFpAR7	297	67	88	64	78	0	0	0	0	0
TgFpAR8	297	67	88	64	78	0	0	0	0	0
TgFpAR9	297	67	88	64	78	0	0	0	0	0
TgFpAZ1	297	67	88	64	78	0	0	0	0	0
TgFpCA1	297	65	89	64	79	0	0	0	0	0
TgFpFL1	297	67	89	64	77	0	0	0	0	0
TgFpHI1	297	64	88	64	81	0	0	0	0	0
TgFpHI10	297	64	88	64	81	0	0	0	0	0
TgFpHI11	297	64	88	64	81	0	0	0	0	0
TgFpHI12	297	56	87	62	70	0	0	22	0	0
TgFpHI13	297	64	88	64	81	0	0	0	0	0
TgFpHI14	297	64	88	64	81	0	0	0	0	0
TgFpHI2	297	64	88	64	81	0	0	0	0	0
TgFpHI3	297	64	88	64	81	0	0	0	0	0
TgFpHI4	297	66	86	66	79	0	0	0	0	0
TgFpHI5	297	64	88	64	81	0	0	0	0	0
TgFpHI6	297	64	88	64	81	0	0	0	0	0
TgFpHI7	297	66	88	64	79	0	0	0	0	0
TgFpHI8	297	64	88	64	81	0	0	0	0	0
TgFpHI9	297	65	87	64	81	0	0	0	0	0
TgFpIL1	297	66	87	66	78	0	0	0	0	0
TgFpIL2	297	66	86	66	79	0	0	0	0	0
TgFpIN1	297	67	88	64	78	0	0	0	0	0
TgFpIN2	297	65	90	65	77	0	0	0	0	0
TgFpIN3	297	65	89	64	79	0	0	0	0	0
TgFpIN4	297	67	87	64	79	0	0	0	0	0
TgFpKS1	297	67	88	64	78	0	0	0	0	0
TgFpLA1	297	66	91	61	79	0	0	0	0	0
TgFpLA2	297	66	91	61	79	0	0	0	0	0
TgFpLA4	297	67	88	64	78	0	0	0	0	0
TgFpMI1	297	67	88	64	78	0	0	0	0	0
TgFpMI2	297	67	88	64	78	0	0	0	0	0
TgFpMI3	297	57	85	65	68	0	0	22	0	0
TgFpMO1	297	67	88	64	78	0	0	0	0	0
TgFpMS1	297	67	88	64	78	0	0	0	0	0
TgFpMS2	297	67	88	64	78	0	0	0	0	0
TgFpMS3	297	67	88	64	78	0	0	0	0	0
TgFpMS4	297	67	88	64	78	0	0	0	0	0
TgFpMS5	297	67	88	64	78	0	0	0	0	0
TgFpMS6	297	67	88	64	78	0	0	0	0	0
TgFpNC2	297	67	88	64	78	0	0	0	0	0
TgFpNC3	297	67	88	64	78	0	0	0	0	0
TgFpNC4	297	67	88	64	78	0	0	0	0	0
TgFpNY1	297	67	88	64	78	0	0	0	0	0
TgFpOH1	297	67	87	64	79	0	0	0	0	0
TgFpOH2	297	64	88	64	81	0	0	0	0	0
TgFpOH3	297	65	90	65	77	0	0	0	0	0
TgFpOH4	297	66	88	64	79	0	0	0	0	0
TgFpOH5	297	67	88	64	78	0	0	0	0	0
TgFpOH6	297	65	90	65	77	0	0	0	0	0
TgFpOH7	297	67	88	64	78	0	0	0	0	0
TgFpOH8	297	67	88	64	78	0	0	0	0	0
TgFpOK1	297	67	88	64	78	0	0	0	0	0
TgFpOK2	297	67	88	64	78	0	0	0	0	0
TgFpOK3	297	67	88	64	78	0	0	0	0	0
TgFpPA1	297	67	88	64	78	0	0	0	0	0
TgFpPA2	297	67	88	64	78	0	0	0	0	0
TgFpSC1	297	67	88	64	78	0	0	0	0	0
TgFpSC2	297	67	88	64	78	0	0	0	0	0
TgFpSC3	297	67	88	64	78	0	0	0	0	0
TgFpTX1	297	67	88	64	78	0	0	0	0	0
TgFpVA1	297	67	88	64	78	0	0	0	0	0
TgFpVA2	297	65	90	65	77	0	0	0	0	0
TgFpVA3	297	65	89	64	79	0	0	0	0	0
TgFpVA4	297	67	88	64	78	0	0	0	0	0
TgFpVA5	297	67	88	64	78	0	0	0	0	0
TgCkBr210(0)	297	66	87	66	78	0	0	0	0	0
TgCkBr211(0)	297	66	87	66	78	0	0	0	0	0
TgCkBr212(0)	297	66	87	66	78	0	0	0	0	0
TgCkBr213(0)	297	66	87	66	78	0	0	0	0	0
TgCkBr214(0)	297	66	87	66	78	0	0	0	0	0
TgCkBr215(0)	297	66	87	66	78	0	0	0	0	0
TgCkBr216(0)	297	66	87	66	78	0	0	0	0	0
TgCkBr217(0)	297	66	87	66	78	0	0	0	0	0
TgCkBr218(0)	297	66	87	66	78	0	0	0	0	0
TgCkBr219(0)	297	66	87	66	78	0	0	0	0	0
TgCkBr220(0)	297	65	88	66	78	0	0	0	0	0
TgCkBr221(0)	297	66	86	66	79	0	0	0	0	0
TgCkBr222(0)	297	65	85	65	82	0	0	0	0	0
TgCkBr223(0)	297	66	87	66	78	0	0	0	0	0
TgCkBr224(0)	297	66	87	66	78	0	0	0	0	0
TgCkBr225(0)	297	66	86	66	79	0	0	0	0	0
TgCkBr226(0)	297	66	86	66	79	0	0	0	0	0
TgCkBr227(0)	297	66	87	66	78	0	0	0	0	0
TgCkBr228(0)	297	66	86	66	79	0	0	0	0	0
TgCkBr229(0)	297	66	87	66	78	0	0	0	0	0
TgCkBr230(0)	297	66	86	66	79	0	0	0	0	0
TgCkBr231(0)	297	65	90	65	77	0	0	0	0	0
TgCkBr232(0)	297	65	86	66	80	0	0	0	0	0
TgCkGy1(0)	297	65	88	65	79	0	0	0	0	0
TgCkGy10(0)	297	65	90	64	78	0	0	0	0	0
TgCkGy11(0)	297	65	89	64	79	0	0	0	0	0
TgCkGy12(0)	297	65	87	64	81	0	0	0	0	0
TgCkGy13(0)	297	65	89	64	79	0	0	0	0	0
TgCkGy14(0)	297	65	90	64	78	0	0	0	0	0
TgCkGy15(0)	297	65	90	64	78	0	0	0	0	0
TgCkGy16(0)	297	65	87	64	81	0	0	0	0	0
TgCkGy19(0)	297	65	87	64	81	0	0	0	0	0
TgCkGy2(50)	297	65	87	64	81	0	0	0	0	0
TgCkGy20(0)	297	65	87	64	81	0	0	0	0	0
TgCkGy21(100)	297	65	90	65	77	0	0	0	0	0
TgCkGy22(25)	297	65	90	65	77	0	0	0	0	0
TgCkGy23(0)	297	65	91	65	76	0	0	0	0	0
TgCkGy24(0)	297	65	91	65	76	0	0	0	0	0
TgCkGy25(0)	297	65	87	64	81	0	0	0	0	0
TgCkGy26(0)	297	65	90	65	77	0	0	0	0	0
TgCkGy27(0)	297	65	90	65	77	0	0	0	0	0
TgCkGy28(0)	297	65	87	64	81	0	0	0	0	0
TgCkGy29(25)	297	65	88	65	79	0	0	0	0	0
TgCkGy3(0)	297	65	87	64	81	0	0	0	0	0
TgCkGy30(0)	297	65	88	65	79	0	0	0	0	0
TgCkGy31(0)	297	65	89	64	79	0	0	0	0	0
TgCkGy32(0)	297	65	87	64	81	0	0	0	0	0
TgCkGy33(0)	297	65	88	65	79	0	0	0	0	0
TgCkGy34(50)	297	64	89	66	78	0	0	0	0	0
TgCkGy35(0)	297	65	90	64	78	0	0	0	0	0
TgCkGy4(0)	297	65	88	65	79	0	0	0	0	0
TgCkGy5(0)	297	65	87	64	81	0	0	0	0	0
TgCkGy6(0)	297	65	87	64	81	0	0	0	0	0
TgCkGy7(0)	297	65	89	64	79	0	0	0	0	0
TgCkGy8(0)	297	65	90	64	78	0	0	0	0	0
TgCkGy9(0)	297	65	87	64	81	0	0	0	0	0
TgDgVi1(nd)	297	66	87	65	79	0	0	0	0	0
TgDgVi2(nd)	297	66	87	65	79	0	0	0	0	0
TgDgVi3(nd)	297	66	87	65	79	0	0	0	0	0
TgDgVi4(nd)	297	66	87	65	79	0	0	0	0	0
TgDgVi5(nd)	297	65	91	65	76	0	0	0	0	0
TgDgVi6(0)	297	65	91	65	76	0	0	0	0	0
TgDgVi7(nd)	297	65	91	65	76	0	0	0	0	0
TgDgVi8(0)	297	65	91	65	76	0	0	0	0	0
TgWTDAL1	297	67	88	64	78	0	0	0	0	0
TgWTDAL2	297	67	88	64	78	0	0	0	0	0
TgWTDAL3	297	67	88	64	78	0	0	0	0	0
TgWTDGA1	297	67	88	64	78	0	0	0	0	0
TgWTDGA2	297	67	88	64	78	0	0	0	0	0
TgWTDGA3	297	65	88	65	79	0	0	0	0	0
TgWTDIN1	297	65	90	65	77	0	0	0	0	0
TgWTDIN2	297	65	90	65	77	0	0	0	0	0
TgWTDKS1	297	67	88	64	78	0	0	0	0	0
TgWTDKS2	297	67	88	64	78	0	0	0	0	0
TgWTDKY1	297	67	88	64	78	0	0	0	0	0
TgWTDLA1	297	67	88	64	78	0	0	0	0	0
TgWTDLA10	297	67	88	64	78	0	0	0	0	0
TgWTDLA11	297	67	88	64	78	0	0	0	0	0
TgWTDLA12	297	67	88	64	78	0	0	0	0	0
TgWTDLA2	297	67	88	64	78	0	0	0	0	0
TgWTDLA3	297	67	88	64	78	0	0	0	0	0
TgWTDLA4	297	67	88	64	78	0	0	0	0	0
TgWTDLA5	297	67	88	64	78	0	0	0	0	0
TgWTDLA6	297	67	88	64	78	0	0	0	0	0
TgWTDLA7	297	67	88	64	78	0	0	0	0	0
TgWTDLA8	297	67	88	64	78	0	0	0	0	0
TgWTDLA9	297	67	88	64	78	0	0	0	0	0
TgWTDMI1	297	66	86	66	79	0	0	0	0	0
TgWTDMI2	297	67	88	64	78	0	0	0	0	0
TgWTDMI3	297	67	88	64	78	0	0	0	0	0
TgWTDMI4	297	67	88	64	78	0	0	0	0	0
TgWTDMI5	297	67	88	64	78	0	0	0	0	0
TgWTDMI6	297	67	88	64	78	0	0	0	0	0
TgWTDMN1	297	66	87	66	78	0	0	0	0	0
TgWTDNJ1	297	65	90	65	77	0	0	0	0	0
TgWTDNJ2	297	66	87	66	78	0	0	0	0	0
TgWTDNJ3	297	67	89	64	77	0	0	0	0	0
TgWTDNY1	297	65	90	65	77	0	0	0	0	0
TgWTDOH1	297	66	87	66	78	0	0	0	0	0
TgWTDOH2	297	66	86	66	79	0	0	0	0	0
TgDgCo1(nd)	297	66	88	64	79	0	0	0	0	0
TgDgCo10(nd)	297	66	88	64	79	0	0	0	0	0
TgDgCo11(100)	297	66	87	64	80	0	0	0	0	0
TgDgCo12(100)	297	65	89	66	77	0	0	0	0	0
TgDgCo13(50)	297	64	88	64	81	0	0	0	0	0
TgDgCo14(0)	297	65	88	66	78	0	0	0	0	0
TgDgCo15(100)	297	65	89	66	77	0	0	0	0	0
TgDgCo16(0)	297	65	88	66	78	0	0	0	0	0
TgDgCo17(100)	297	63	89	65	80	0	0	0	0	0
TgDgCo18(100)	297	65	89	66	77	0	0	0	0	0
TgDgCo19(50)	297	67	87	63	80	0	0	0	0	0
TgDgCo2(nd)	297	66	88	64	79	0	0	0	0	0
TgDgCo20(30)	297	66	88	64	79	0	0	0	0	0
TgDgCo3(nd)	297	66	87	65	79	0	0	0	0	0
TgDgCo4(nd)	297	65	91	65	76	0	0	0	0	0
TgDgCo5(100)	297	66	87	64	80	0	0	0	0	0
TgDgCo6(100)	297	66	87	64	80	0	0	0	0	0
TgDgCo7(100)	297	64	88	66	79	0	0	0	0	0
TgDgCo8(100)	297	65	88	66	78	0	0	0	0	0
TgDgCo9(67)	297	65	89	66	77	0	0	0	0	0
TgDgBr1(10)	297	66	92	63	76	0	0	0	0	0
TgDgBr10(nd)	297	64	90	66	77	0	0	0	0	0
TgDgBr11(0)	297	65	90	65	77	0	0	0	0	0
TgDgBr12(86)	297	65	89	65	78	0	0	0	0	0
TgDgBr13(17)	297	66	92	63	76	0	0	0	0	0
TgDgBr14(100)	297	66	91	63	77	0	0	0	0	0
TgDgBr15(100)	297	66	91	63	77	0	0	0	0	0
TgDgBr16(25)	297	65	87	65	80	0	0	0	0	0
TgDgBr17(100)	297	66	89	63	79	0	0	0	0	0
TgDgBr18(75)	297	66	91	64	76	0	0	0	0	0
TgDgBr19(75)	297	65	89	66	77	0	0	0	0	0
TgDgBr2(nd)	297	65	88	65	79	0	0	0	0	0
TgDgBr3(80)	297	65	89	65	78	0	0	0	0	0
TgDgBr4(0)	297	65	89	65	78	0	0	0	0	0
TgDgBr5(63)	297	67	90	62	78	0	0	0	0	0
TgDgBr6(100)	297	66	89	63	79	0	0	0	0	0
TgDgBr7(nd)	297	65	89	65	78	0	0	0	0	0
TgDgBr8(nd)	297	64	90	66	77	0	0	0	0	0
TgDgBr9(100)	297	64	90	66	77	0	0	0	0	0
TgCkGh1(0)	297	64	92	65	76	0	0	0	0	0
TgCkGh2(0)	297	66	88	66	77	0	0	0	0	0
TgCkId1(0)	297	66	88	64	79	0	0	0	0	0
TgCkIt1(0)	297	66	86	66	79	0	0	0	0	0
TgCkIt2(0)	297	66	86	66	79	0	0	0	0	0
TgCkIt3(0)	297	66	87	66	78	0	0	0	0	0
TgCkPl1(0)	297	66	92	63	76	0	0	0	0	0
TgCkPl2(0)	297	66	92	63	76	0	0	0	0	0
TgCatPr1(20)	297	64	88	64	81	0	0	0	0	0
TgCatPr10(100)	297	64	88	64	81	0	0	0	0	0
TgCatPr11(100)	297	57	85	63	70	0	0	22	0	0
TgCatPr2(100)	297	64	88	64	81	0	0	0	0	0
TgCatPr3(100)	297	64	88	64	81	0	0	0	0	0
TgCatPr4(100)	297	64	88	64	81	0	0	0	0	0
TgCatPr5(100)	297	57	85	63	70	0	0	22	0	0
TgCatPr6(92)	297	55	86	62	72	0	0	22	0	0
TgCatPr7(100)	297	57	85	63	70	0	0	22	0	0
TgCatPr8(100)	297	54	89	64	68	0	0	22	0	0
TgCatPr9(0)	297	65	91	64	77	0	0	0	0	0
TgSdCr1(0)	297	66	87	66	78	0	0	0	0	0
TgCatStK1	297	65	89	65	78	0	0	0	0	0
TgCatStK2	297	65	90	65	77	0	0	0	0	0
TgCatStK3a	297	65	90	65	77	0	0	0	0	0
TgCatStK3b	297	66	87	66	78	0	0	0	0	0
TgCatStK4	297	65	90	65	77	0	0	0	0	0
TgCatStK6	297	65	90	65	77	0	0	0	0	0
TgCatStK7	297	66	86	63	82	0	0	0	0	0
TgBBeCa1(50)	297	66	88	64	79	0	0	0	0	0
TgCatCa1(nd)	297	65	88	65	79	0	0	0	0	0
TgCatCa2(nd)	297	67	88	64	78	0	0	0	0	0
TgCgCa2(nd)	297	65	89	64	79	0	0	0	0	0
TgRaCa2(nd)	297	67	88	64	78	0	0	0	0	0
TgSkCa1(nd)	297	67	88	64	78	0	0	0	0	0
TgCkBr107(75)	297	64	90	66	77	0	0	0	0	0
TgCkBr108(100)	297	64	90	66	77	0	0	0	0	0
TgCkBr109(100)	297	66	90	61	80	0	0	0	0	0
TgCkBr110(25)	297	65	90	64	78	0	0	0	0	0
TgCkBr111(75)	297	65	91	65	76	0	0	0	0	0
TgCkBr112(50)	297	65	91	65	76	0	0	0	0	0
TgCkBr113(75)	297	65	89	64	79	0	0	0	0	0
TgCkBr114(0)	297	66	88	64	79	0	0	0	0	0
TgCkBr115(25)	297	65	86	64	82	0	0	0	0	0
TgCkBr116(0)	297	65	91	65	76	0	0	0	0	0
TgCkBr141(100)	297	64	89	64	80	0	0	0	0	0
TgCkBr142(25)	297	65	86	64	82	0	0	0	0	0
TgCkBr143(75)	297	65	92	64	76	0	0	0	0	0
TgCkBr144(100)	297	65	89	65	78	0	0	0	0	0
TgCkBr145(25)	297	65	86	64	82	0	0	0	0	0
TgCkBr146(100)	297	64	88	64	81	0	0	0	0	0
TgCkBr147(100)	297	65	92	64	76	0	0	0	0	0
TgCkBr148(100)	297	65	92	64	76	0	0	0	0	0
TgCkBr149(0)	297	64	88	66	79	0	0	0	0	0
TgCkBr150(0)	297	64	88	66	79	0	0	0	0	0
TgCkBr151(100)	297	65	92	64	76	0	0	0	0	0
TgCkBr152(25)	297	64	88	66	79	0	0	0	0	0
TgCkBr153(100)	297	65	89	66	77	0	0	0	0	0
TgCkBr154(100)	297	65	92	64	76	0	0	0	0	0
TgCkBr155(0)	297	64	92	66	75	0	0	0	0	0
TgCkBr156(0)	297	65	86	66	80	0	0	0	0	0
TgCkBr157(0)	297	64	88	66	79	0	0	0	0	0
TgCkBr158(0)	297	65	90	65	77	0	0	0	0	0
TgCkBr159(0)	297	64	92	66	75	0	0	0	0	0
TgCkBr160(25)	297	65	92	64	76	0	0	0	0	0
TgCkBr161(0)	297	65	90	65	77	0	0	0	0	0
TgCkBr162(67)	297	65	92	64	76	0	0	0	0	0
TgCkBr163(50)	297	65	92	64	76	0	0	0	0	0
TgCkBr164(nd)	297	65	90	65	77	0	0	0	0	0
TgShUs1(nd)	297	65	91	65	76	0	0	0	0	0
TgShUs10(0)	297	66	86	66	79	0	0	0	0	0
TgShUs11(0)	297	67	87	64	79	0	0	0	0	0
TgShUs12(0)	297	66	86	66	79	0	0	0	0	0
TgShUs13(0)	297	65	90	65	77	0	0	0	0	0
TgShUs14(0)	297	66	86	66	79	0	0	0	0	0
TgShUs15(0)	297	66	87	66	78	0	0	0	0	0
TgShUs16(0)	297	66	87	66	78	0	0	0	0	0
TgShUs17(0)	297	65	90	65	77	0	0	0	0	0
TgShUs18(0)	297	66	87	66	78	0	0	0	0	0
TgShUs19(0)	297	66	87	66	78	0	0	0	0	0
TgShUs2(0)	297	65	92	64	76	0	0	0	0	0
TgShUs20(0)	297	66	87	66	78	0	0	0	0	0
TgShUs21(0)	297	65	90	65	77	0	0	0	0	0
TgShUs22(0)	297	64	90	64	79	0	0	0	0	0
TgShUs23(0)	297	66	86	66	79	0	0	0	0	0
TgShUs24(0)	297	66	86	66	79	0	0	0	0	0
TgShUs25(0)	297	66	86	66	79	0	0	0	0	0
TgShUs26(0)	297	66	86	66	79	0	0	0	0	0
TgShUs28(100)	297	64	90	64	79	0	0	0	0	0
TgShUs29(0)	297	67	87	64	79	0	0	0	0	0
TgShUs3(0)	297	67	87	64	79	0	0	0	0	0
TgShUs30(0)	297	67	87	64	79	0	0	0	0	0
TgShUs31(0)	297	67	87	64	79	0	0	0	0	0
TgShUs32(0)	297	65	90	66	76	0	0	0	0	0
TgShUs33(0)	297	66	87	66	78	0	0	0	0	0
TgShUs34(0)	297	67	87	64	79	0	0	0	0	0
TgShUs36(0)	297	65	90	65	77	0	0	0	0	0
TgShUs37(nd)	297	67	88	64	78	0	0	0	0	0
TgShUs38(0)	297	67	87	64	79	0	0	0	0	0
TgShUs39(0)	297	65	89	67	76	0	0	0	0	0
TgShUs4(0)	297	66	86	66	79	0	0	0	0	0
TgShUs40a(0)	297	65	91	65	76	0	0	0	0	0
TgShUs40b(0)	297	65	90	65	77	0	0	0	0	0
TgShUs41a(0)	297	66	87	66	78	0	0	0	0	0
TgShUs41b(0)	297	65	90	65	77	0	0	0	0	0
TgShUs42a(0)	297	65	90	65	77	0	0	0	0	0
TgShUs42b(0)	297	66	87	66	78	0	0	0	0	0
TgShUs43(0)	297	65	90	65	77	0	0	0	0	0
TgShUs44(0)	297	66	87	66	78	0	0	0	0	0
TgShUs45(0)	297	67	87	64	79	0	0	0	0	0
TgShUs46(0)	297	66	87	66	78	0	0	0	0	0
TgShUs47(0)	297	67	88	64	78	0	0	0	0	0
TgShUs48(0)	297	66	87	66	78	0	0	0	0	0
TgShUs49a(0)	297	65	92	63	77	0	0	0	0	0
TgShUs49b(0)	297	66	87	66	78	0	0	0	0	0
TgShUs5(0)	297	65	89	65	78	0	0	0	0	0
TgShUs50(0)	297	66	87	66	78	0	0	0	0	0
TgShUs51(0)	297	66	87	66	78	0	0	0	0	0
TgShUs52(0)	297	67	88	64	78	0	0	0	0	0
TgShUs53(0)	297	66	87	66	78	0	0	0	0	0
TgShUs6(0)	297	66	87	66	78	0	0	0	0	0
TgShUs7(0)	297	66	87	66	78	0	0	0	0	0
TgShUs8(0)	297	67	87	64	79	0	0	0	0	0
TgShUs9(0)	297	66	86	66	79	0	0	0	0	0
TgCyW1(0)	297	67	87	64	79	0	0	0	0	0
TgCyW2(0)	297	67	87	64	79	0	0	0	0	0
TgCyW3(0)	297	66	86	66	79	0	0	0	0	0
TgCyW4(0)	297	66	87	66	78	0	0	0	0	0
TgCyW5(0)	297	66	87	66	78	0	0	0	0	0
TgCyW6(100)	297	65	89	66	77	0	0	0	0	0
TgRaW1(nd)	297	66	87	66	78	0	0	0	0	0
TgRaW2(nd)	297	64	90	66	77	0	0	0	0	0
TgRaW3(75)	297	64	90	66	77	0	0	0	0	0
TgRaW4(0)	297	65	91	65	76	0	0	0	0	0
TgRaW5(0)	297	67	87	64	79	0	0	0	0	0
TgSkW1(0)	297	66	86	66	79	0	0	0	0	0
TgCatMx4(0)	297	65	91	65	76	0	0	0	0	0
TgCkMx4(0)	297	65	90	65	77	0	0	0	0	0
TgCatMx1(0)	297	65	89	67	76	0	0	0	0	0
TgCatMx1b(0)	297	55	87	63	70	0	0	22	0	0
TgCatMx2(0)	297	65	91	65	76	0	0	0	0	0
TgCatMx3(0)	297	65	91	65	76	0	0	0	0	0
TgCatMx5(0)	297	65	91	65	76	0	0	0	0	0
TgCkMx1(0)	297	65	90	65	77	0	0	0	0	0
TgCkMx2(0)	297	65	90	65	77	0	0	0	0	0
TgCkMx3(0)	297	65	90	65	77	0	0	0	0	0
TgDgMx1(0)	297	65	89	67	76	0	0	0	0	0
TgDgMx2(0)	297	64	90	64	79	0	0	0	0	0
TgDgMx3(0)	297	65	89	67	76	0	0	0	0	0
TgRsCr1(0)	297	67	89	63	78	0	0	0	0	0
TgCkBr10(100)	297	65	89	65	78	0	0	0	0	0
TgCkBr100(nd)	297	65	91	66	75	0	0	0	0	0
TgCkBr101(100)	297	65	89	65	78	0	0	0	0	0
TgCkBr102(100)	297	65	89	65	78	0	0	0	0	0
TgCkBr104(100)	297	65	89	65	78	0	0	0	0	0
TgCkBr11(nd)	297	65	89	65	78	0	0	0	0	0
TgCkBr117(60)	297	65	89	64	79	0	0	0	0	0
TgCkBr119(0)	297	66	92	63	76	0	0	0	0	0
TgCkBr120(0)	297	66	92	63	76	0	0	0	0	0
TgCkBr122(0)	297	66	92	63	76	0	0	0	0	0
TgCkBr123(80)	297	65	89	65	78	0	0	0	0	0
TgCkBr124(100)	297	65	89	65	78	0	0	0	0	0
TgCkBr126(100)	297	65	89	64	79	0	0	0	0	0
TgCkBr127(100)	297	65	89	64	79	0	0	0	0	0
TgCkBr129(0)	297	66	92	63	76	0	0	0	0	0
TgCkBr13(100)	297	66	90	63	78	0	0	0	0	0
TgCkBr130(0)	297	65	88	65	79	0	0	0	0	0
TgCkBr131(0)	297	65	89	65	78	0	0	0	0	0
TgCkBr132(0)	297	65	89	65	78	0	0	0	0	0
TgCkBr133(10)	297	65	89	65	78	0	0	0	0	0
TgCkBr134(0)	297	65	89	65	78	0	0	0	0	0
TgCkBr135(0)	297	66	92	63	76	0	0	0	0	0
TgCkBr136(80)	297	65	88	65	79	0	0	0	0	0
TgCkBr137(0)	297	66	92	63	76	0	0	0	0	0
TgCkBr138(100)	297	65	88	65	79	0	0	0	0	0
TgCkBr139(100)	297	65	88	65	79	0	0	0	0	0
TgCkBr140(0)	297	66	92	63	76	0	0	0	0	0
TgCkBr16(100)	297	66	89	63	79	0	0	0	0	0
TgCkBr165(0)	297	66	86	63	82	0	0	0	0	0
TgCkBr166(0)	297	65	89	65	78	0	0	0	0	0
TgCkBr167(0)	297	66	86	63	82	0	0	0	0	0
TgCkBr168(0)	297	66	88	65	78	0	0	0	0	0
TgCkBr169(100)	297	66	85	64	82	0	0	0	0	0
TgCkBr169(100x)	297	66	85	64	82	0	0	0	0	0
TgCkBr17(nd)	297	65	89	65	78	0	0	0	0	0
TgCkBr170(0)	297	66	86	63	82	0	0	0	0	0
TgCkBr171(0)	297	66	87	66	78	0	0	0	0	0
TgCkBr172(0)	297	66	87	66	78	0	0	0	0	0
TgCkBr173(0)	297	65	89	65	78	0	0	0	0	0
TgCkBr174(0)	297	66	86	63	82	0	0	0	0	0
TgCkBr176(0)	297	66	86	63	82	0	0	0	0	0
TgCkBr177(100)	297	66	89	64	78	0	0	0	0	0
TgCkBr178(0)	297	66	88	63	80	0	0	0	0	0
TgCkBr179(0)	297	66	86	63	82	0	0	0	0	0
TgCkBr180(0)	297	66	86	63	82	0	0	0	0	0
TgCkBr181(100)	297	65	90	65	77	0	0	0	0	0
TgCkBr182(100)	297	65	91	65	76	0	0	0	0	0
TgCkBr183(0)	297	66	86	63	82	0	0	0	0	0
TgCkBr184(0)	297	66	86	63	82	0	0	0	0	0
TgCkBr185(0)	297	66	86	63	82	0	0	0	0	0
TgCkBr186(100)	297	66	86	65	80	0	0	0	0	0
TgCkBr19(100)	297	65	90	64	78	0	0	0	0	0
TgCkBr23(100)	297	66	90	63	78	0	0	0	0	0
TgCkBr24(100)	297	65	90	64	78	0	0	0	0	0
TgCkBr26(nd)	297	65	89	66	77	0	0	0	0	0
TgCkBr27(100x)	297	65	90	65	77	0	0	0	0	0
TgCkBr28(nd)	297	65	89	65	78	0	0	0	0	0
TgCkBr30(100x)	297	66	85	65	81	0	0	0	0	0
TgCkBr31(nd)	297	65	90	65	77	0	0	0	0	0
TgCkBr32(nd)	297	64	91	65	77	0	0	0	0	0
TgCkBr33(nd)	297	65	89	65	78	0	0	0	0	0
TgCkBr34(100x)	297	66	85	65	81	0	0	0	0	0
TgCkBr36(nd)	297	64	91	65	77	0	0	0	0	0
TgCkBr37(100x)	297	65	92	64	76	0	0	0	0	0
TgCkBr38(100x)	297	65	90	65	77	0	0	0	0	0
TgCkBr40(100x)	297	65	90	65	77	0	0	0	0	0
TgCkBr41(100x)	297	65	90	64	78	0	0	0	0	0
TgCkBr42(100x)	297	65	90	64	78	0	0	0	0	0
TgCkBr44(100x)	297	65	90	65	77	0	0	0	0	0
TgCkBr45(100x)	297	66	90	64	77	0	0	0	0	0
TgCkBr46(100x)	297	66	89	63	79	0	0	0	0	0
TgCkBr47(100x)	297	65	90	65	77	0	0	0	0	0
TgCkBr48(100x)	297	66	90	63	78	0	0	0	0	0
TgCkBr49(100x)	297	65	90	64	78	0	0	0	0	0
TgCkBr50(nd)	297	65	89	65	78	0	0	0	0	0
TgCkBr51(100x)	297	65	90	65	77	0	0	0	0	0
TgCkBr52(nd)	297	65	89	65	78	0	0	0	0	0
TgCkBr54(100x)	297	66	86	64	81	0	0	0	0	0
TgCkBr55(100x)	297	65	89	65	78	0	0	0	0	0
TgCkBr56(nd)	297	65	90	65	77	0	0	0	0	0
TgCkBr57(100x)	297	66	89	63	79	0	0	0	0	0
TgCkBr58(nd)	297	65	89	65	78	0	0	0	0	0
TgCkBr59(100x)	297	66	85	65	81	0	0	0	0	0
TgCkBr60(100x)	297	65	90	64	78	0	0	0	0	0
TgCkBr61(100x)	297	65	92	63	77	0	0	0	0	0
TgCkBr62(100x)	297	65	90	64	78	0	0	0	0	0
TgCkBr64(100x)	297	66	89	63	79	0	0	0	0	0
TgCkBr65(100x)	297	65	90	65	77	0	0	0	0	0
TgCkBr66(100x)	297	65	90	65	77	0	0	0	0	0
TgCkBr67(100x)	297	66	85	65	81	0	0	0	0	0
TgCkBr69(nd)	297	65	89	66	77	0	0	0	0	0
TgCkBr7(nd)	297	65	89	65	78	0	0	0	0	0
TgCkBr74(nd)	297	65	90	66	76	0	0	0	0	0
TgCkBr75(100x)	297	66	93	62	76	0	0	0	0	0
TgCkBr76(100x)	297	66	93	62	76	0	0	0	0	0
TgCkBr78(100x)	297	65	90	65	77	0	0	0	0	0
TgCkBr79(100x)	297	65	89	65	78	0	0	0	0	0
TgCkBr8(nd)	297	65	88	65	79	0	0	0	0	0
TgCkBr80(100x)	297	65	90	65	77	0	0	0	0	0
TgCkBr81(100x)	297	65	92	64	76	0	0	0	0	0
TgCkBr82(nd)	297	65	89	66	77	0	0	0	0	0
TgCkBr84(nd)	297	64	91	65	77	0	0	0	0	0
TgCkBr85(nd)	297	64	91	65	77	0	0	0	0	0
TgCkBr86(100x)	297	65	89	65	78	0	0	0	0	0
TgCkBr87(100x)	297	65	89	65	78	0	0	0	0	0
TgCkBr88(100x)	297	66	90	63	78	0	0	0	0	0
TgCkBr89(100x)	297	65	91	64	77	0	0	0	0	0
TgCkBr90(nd)	297	65	89	66	77	0	0	0	0	0
TgCkBr92(100x)	297	66	93	62	76	0	0	0	0	0
TgCkBr93(nd)	297	65	91	65	76	0	0	0	0	0
TgCkBr94(nd)	297	65	91	65	76	0	0	0	0	0
TgCkBr95(nd)	297	64	89	66	78	0	0	0	0	0
TgCkBr96(100)	297	66	91	63	77	0	0	0	0	0
TgCkBr97(100)	297	66	89	63	79	0	0	0	0	0
TgCkBr98(100)	297	65	89	65	78	0	0	0	0	0
TgCkBr99(nd)	297	65	91	66	75	0	0	0	0	0
TgWtdUs1(0)	297	66	87	66	78	0	0	0	0	0
TgWtdUs10(0)	297	65	92	64	76	0	0	0	0	0
TgWtdUs11(50)	297	67	87	64	79	0	0	0	0	0
TgWtdUs12(0)	297	67	87	64	79	0	0	0	0	0
TgWtdUs13(0)	297	65	90	65	77	0	0	0	0	0
TgWtdUs14(0)	297	67	87	64	79	0	0	0	0	0
TgWtdUs15(0)	297	65	90	65	77	0	0	0	0	0
TgWtdUs2(0)	297	67	87	64	79	0	0	0	0	0
TgWtdUs3(0)	297	66	87	66	78	0	0	0	0	0
TgWtdUs4(0)	297	66	87	66	78	0	0	0	0	0
TgWtdUs5(0)	297	66	87	66	78	0	0	0	0	0
TgWtdUs6(0)	297	67	87	64	79	0	0	0	0	0
TgWtdUs7(0)	297	67	87	64	79	0	0	0	0	0
TgWtdUs8(0)	297	65	89	67	76	0	0	0	0	0
TgWtdUs9(0)	297	67	87	64	79	0	0	0	0	0
TgCkUsIL1(25)	297	66	87	66	78	0	0	0	0	0
TgCkUsIL10(0)	297	66	87	66	78	0	0	0	0	0
TgCkUsIL11(0)	297	66	87	66	78	0	0	0	0	0
TgCkUsIL2(0)	297	66	87	66	78	0	0	0	0	0
TgCkUsIL3(0)	297	66	87	66	78	0	0	0	0	0
TgCkUsIL4(0)	297	66	87	66	78	0	0	0	0	0
TgCkUsIL5(0)	297	66	87	66	78	0	0	0	0	0
TgCkUsIL6(0)	297	66	87	66	78	0	0	0	0	0
TgCkUsIL7(0)	297	66	87	66	78	0	0	0	0	0
TgCkUsIL8(0)	297	66	87	66	78	0	0	0	0	0
TgCkUsIL9(0)	297	66	87	66	78	0	0	0	0	0
TgGoUs1(0)	297	66	87	66	78	0	0	0	0	0
TgCtPRC1(0)	297	66	87	65	79	0	0	0	0	0
TgCtPRC10(0)	297	65	91	65	76	0	0	0	0	0
TgCtPRC11(0)	297	65	91	65	76	0	0	0	0	0
TgCtPRC12(0)	297	65	91	65	76	0	0	0	0	0
TgCtPRC13(0)	297	65	91	65	76	0	0	0	0	0
TgCtPRC14(0)	297	65	91	65	76	0	0	0	0	0
TgCtPRC15(0)	297	65	91	65	76	0	0	0	0	0
TgCtPRC16(0)	297	65	91	65	76	0	0	0	0	0
TgCtPRC17(0)	297	65	91	65	76	0	0	0	0	0
TgCtPRC2(0)	297	65	91	65	76	0	0	0	0	0
TgCtPRC3(0)	297	66	87	65	79	0	0	0	0	0
TgCtPRC4(0)	297	65	91	65	76	0	0	0	0	0
TgCtPRC5(0)	297	65	91	65	76	0	0	0	0	0
TgCtPRC6(0)	297	65	91	65	76	0	0	0	0	0
TgCtPRC7(0)	297	65	91	65	76	0	0	0	0	0
TgCtPRC8(0)	297	65	91	65	76	0	0	0	0	0
TgCtPRC9(0)	297	65	91	65	76	0	0	0	0	0
TgPigBr10	297	64	88	65	80	0	0	0	0	0
TgPigBrPB11	297	65	88	65	79	0	0	0	0	0
TgPigBrPB12	297	64	89	67	77	0	0	0	0	0
TgPigBrPB13	297	66	87	64	80	0	0	0	0	0
TgPigBrPB14	297	65	88	65	79	0	0	0	0	0
TgPigBrPB16	297	65	89	65	78	0	0	0	0	0
TgPigBrPB17(0)	297	66	86	63	82	0	0	0	0	0
TgPigBrPB18	297	66	86	63	82	0	0	0	0	0
TgPigBrPB19(0)	297	65	89	65	78	0	0	0	0	0
TgPigBrPB20	297	66	86	63	82	0	0	0	0	0
TgPigBrPB21	297	65	88	65	79	0	0	0	0	0
TgPigBrPB23	297	65	88	64	80	0	0	0	0	0
TgPigBrPB24	297	66	89	64	78	0	0	0	0	0
TgPigBrPB26	297	66	88	65	78	0	0	0	0	0
TgPigBrPB27	297	66	86	63	82	0	0	0	0	0
TgPigBrPB3(0)	297	66	88	65	78	0	0	0	0	0
TgPigBrPB8	297	65	87	66	79	0	0	0	0	0
TgPigBrPB9	297	65	88	65	79	0	0	0	0	0
TgCkBrP7(100)	297	65	88	64	80	0	0	0	0	0
TgCkBrP8(100)	297	65	88	64	80	0	0	0	0	0
TgCkBrPB15(100)	297	66	86	63	82	0	0	0	0	0
TgCkBrPB1(100)	297	65	88	65	79	0	0	0	0	0
TgCkBrPB10(50)	297	66	86	63	82	0	0	0	0	0
TgCkBrPB11(67)	297	65	88	65	79	0	0	0	0	0
TgCkBrPB12(0)	297	65	88	65	79	0	0	0	0	0
TgCkBrPB13(100)	297	66	86	63	82	0	0	0	0	0
TgCkBrPB14(0)	297	65	88	65	79	0	0	0	0	0
TgCkBrPB16(0)	297	66	86	63	82	0	0	0	0	0
TgCkBrPB17(0)	297	66	86	63	82	0	0	0	0	0
TgCkBrPB18(100)	297	66	86	63	82	0	0	0	0	0
TgCkBrPB19(0)	297	66	86	63	82	0	0	0	0	0
TgCkBrPB2(67)	297	65	88	65	79	0	0	0	0	0
TgCkBrPB20(100)	297	66	86	63	82	0	0	0	0	0
TgCkBrPB22(0)	297	66	86	63	82	0	0	0	0	0
TgCkBrPB23(100)	297	66	86	63	82	0	0	0	0	0
TgCkBrPB24(50)	297	66	86	63	82	0	0	0	0	0
TgCkBrPB25(0)	297	66	86	63	82	0	0	0	0	0
TgCkBrPB26(100)	297	65	87	66	79	0	0	0	0	0
TgCkBrPB27(0)	297	66	86	63	82	0	0	0	0	0
TgCkBrPB28(100)	297	66	86	65	80	0	0	0	0	0
TgCkBrPB29(75)	297	66	86	65	80	0	0	0	0	0
TgCkBrPB3(100)	297	66	86	63	82	0	0	0	0	0
TgCkBrPB30(75)	297	65	89	65	78	0	0	0	0	0
TgCkBrPB4(100)	297	65	90	65	77	0	0	0	0	0
TgCkBrPB5(100)	297	65	90	65	77	0	0	0	0	0
TgCkBrPB6(100)	297	65	90	65	77	0	0	0	0	0
TgCkBrPB9(100)	297	66	89	63	79	0	0	0	0	0
TgCkBrPr10(0)	297	65	90	64	78	0	0	0	0	0
TgCkBrPr11(0)	297	65	90	63	79	0	0	0	0	0
TgCkBrPr13(100)	297	64	89	66	78	0	0	0	0	0
TgCkBrPr14(100)	297	65	86	65	81	0	0	0	0	0
TgCkBrPr15(0)	297	64	90	66	77	0	0	0	0	0
TgCkBrPr16(100)	297	64	88	67	78	0	0	0	0	0
TgCkBrPr17(100)	297	64	92	65	76	0	0	0	0	0
TgCkBrPr2(100)	297	65	89	65	78	0	0	0	0	0
TgCkBrPr3(100)	297	65	89	65	78	0	0	0	0	0
TgCkBrPr4(100)	297	64	90	66	77	0	0	0	0	0
TgCkBrPr5(100)	297	65	89	65	78	0	0	0	0	0
TgCkBrPr7(100)	297	64	89	66	78	0	0	0	0	0
TgCkBrPr8(100)	297	67	91	62	77	0	0	0	0	0
TgCatEt10a	297	65	90	65	77	0	0	0	0	0
TgCatEt11a	297	64	91	65	77	0	0	0	0	0
TgCatEt11b	297	64	91	65	77	0	0	0	0	0
TgCatEt12a	297	66	86	66	79	0	0	0	0	0
TgCatEt13a	297	66	87	66	78	0	0	0	0	0
TgCatEt13b	297	66	87	66	78	0	0	0	0	0
TgCatEt14a	297	65	90	65	77	0	0	0	0	0
TgCatEt15a	297	64	91	65	77	0	0	0	0	0
TgCatEt16a	297	66	86	66	79	0	0	0	0	0
TgCatEt17a	297	66	86	66	79	0	0	0	0	0
TgCatEt18a	297	64	91	65	77	0	0	0	0	0
TgCatEt19a	297	66	86	66	79	0	0	0	0	0
TgCatEt1a	297	66	86	66	79	0	0	0	0	0
TgCatEt20a	297	64	91	65	77	0	0	0	0	0
TgCatEt21a	297	66	86	66	79	0	0	0	0	0
TgCatEt22a	297	64	91	65	77	0	0	0	0	0
TgCatEt23a	297	64	91	65	77	0	0	0	0	0
TgCatEt24a	297	66	87	66	78	0	0	0	0	0
TgCatEt25a	297	64	91	65	77	0	0	0	0	0
TgCatEt26a	297	66	87	66	78	0	0	0	0	0
TgCatEt27a	297	64	91	65	77	0	0	0	0	0
TgCatEt28a	297	66	86	66	79	0	0	0	0	0
TgCatEt2b	297	66	87	66	78	0	0	0	0	0
TgCatEt3a	297	66	86	66	79	0	0	0	0	0
TgCatEt3b	297	66	87	66	78	0	0	0	0	0
TgCatEt4a	297	65	90	65	77	0	0	0	0	0
TgCatEt5a	297	66	86	66	79	0	0	0	0	0
TgCatEt6a	297	66	87	66	78	0	0	0	0	0
TgCatEt6b	297	65	90	65	77	0	0	0	0	0
TgCatEt7a	297	66	87	66	78	0	0	0	0	0
TgCatEt7b	297	66	87	66	78	0	0	0	0	0
TgCatEt9a	297	66	86	66	79	0	0	0	0	0
TgCatEt9b	297	65	90	65	77	0	0	0	0	0
TgGoatUS1(0)	297	66	87	66	78	0	0	0	0	0
TgGoatUS10(0)	297	65	90	65	77	0	0	0	0	0
TgGoatUS11(0)	297	66	87	66	78	0	0	0	0	0
TgGoatUS12(nd)	297	66	87	66	78	0	0	0	0	0
TgGoatUS13(0)	297	67	87	64	79	0	0	0	0	0
TgGoatUS14(0)	297	66	87	66	78	0	0	0	0	0
TgGoatUS15(0)	297	66	87	66	78	0	0	0	0	0
TgGoatUS16(0)	297	66	87	66	78	0	0	0	0	0
TgGoatUS17(0)	297	67	87	64	79	0	0	0	0	0
TgGoatUS18(0)	297	66	87	66	78	0	0	0	0	0
TgGoatUS19(nd)	297	66	87	66	78	0	0	0	0	0
TgGoatUS2(0)	297	66	86	66	79	0	0	0	0	0
TgGoatUS20(nd)	297	66	88	65	78	0	0	0	0	0
TgGoatUS21(0)	297	66	87	66	78	0	0	0	0	0
TgGoatUS22(0)	297	66	86	66	79	0	0	0	0	0
TgGoatUS23(0)	297	65	90	65	77	0	0	0	0	0
TgGoatUS24(0)	297	67	87	64	79	0	0	0	0	0
TgGoatUS25(nd)	297	67	88	64	78	0	0	0	0	0
TgGoatUS26(100)	297	64	88	64	81	0	0	0	0	0
TgGoatUS27(0)	297	66	86	66	79	0	0	0	0	0
TgGoatUS28(0)	297	67	88	64	78	0	0	0	0	0
TgGoatUS29(0)	297	65	90	65	77	0	0	0	0	0
TgGoatUS3(0)	297	64	89	65	79	0	0	0	0	0
TgGoatUS4(0)	297	65	90	65	77	0	0	0	0	0
TgGoatUS5(31)	297	66	86	65	80	0	0	0	0	0
TgGoatUS6(100)	297	54	89	64	68	0	0	22	0	0
TgGoatUS7(nd)	297	67	88	64	78	0	0	0	0	0
TgGoatUS8(0)	297	65	89	65	78	0	0	0	0	0
TgGoatUS9(nd)	297	66	86	66	79	0	0	0	0	0
TgCkC24Arg	297	64	89	66	78	0	0	0	0	0
TgCkC25Arg	297	64	89	66	78	0	0	0	0	0
TgCkC26Arg	297	64	89	66	78	0	0	0	0	0
TgCkN21Arg	297	65	89	65	78	0	0	0	0	0
TgCkP22Arg	297	66	87	66	78	0	0	0	0	0
TgCkP24Arg	297	66	87	66	78	0	0	0	0	0
TgCkBr234	297	66	90	63	78	0	0	0	0	0
TgCkBr235	297	66	90	63	78	0	0	0	0	0
TgCkBr236	297	65	89	66	77	0	0	0	0	0
TgCkBr237	297	65	89	66	77	0	0	0	0	0
TgCkBr238	297	66	90	63	78	0	0	0	0	0
TgCkBr239	297	66	90	63	78	0	0	0	0	0
TgCkBr240	297	66	90	63	78	0	0	0	0	0
TgCkBr241	297	65	89	66	77	0	0	0	0	0
TgCkBr242	297	66	90	63	78	0	0	0	0	0
TgCkBr243	297	66	90	63	78	0	0	0	0	0
TgCkBr244	297	66	92	62	77	0	0	0	0	0
TgCkBr245	297	66	92	62	77	0	0	0	0	0
TgCkBr246	297	66	92	62	77	0	0	0	0	0
TgCkBr247	297	66	90	63	78	0	0	0	0	0
TgCkBr248	297	66	90	63	78	0	0	0	0	0
TgCkBr249	297	66	89	64	78	0	0	0	0	0
TgCkBr250	297	66	89	64	78	0	0	0	0	0
TgCkBr253	297	66	90	63	78	0	0	0	0	0
TgCkBr254	297	66	90	63	78	0	0	0	0	0
TgCkBr254_B	297	66	89	64	78	0	0	0	0	0
TgCkBr255	297	66	90	63	78	0	0	0	0	0
TgCkBr256	297	66	90	63	78	0	0	0	0	0
TgCkBr257	297	66	89	64	78	0	0	0	0	0
TgCkBr258	297	65	91	63	78	0	0	0	0	0
TgCkBr259	297	65	91	63	78	0	0	0	0	0
TgCkBr260	297	65	91	63	78	0	0	0	0	0
TgCkBr261	297	66	90	63	78	0	0	0	0	0
TgCkBr262	297	66	90	63	78	0	0	0	0	0
TgCkBr263	297	66	90	63	78	0	0	0	0	0
TgCkBr264	297	66	90	63	78	0	0	0	0	0
TgCkBr265	297	65	89	65	78	0	0	0	0	0
TgCkBr267	297	65	90	65	77	0	0	0	0	0
TgCkBr268	297	65	90	65	77	0	0	0	0	0
TgCkBr269	297	65	90	65	77	0	0	0	0	0
TgCkBr270	297	65	90	65	77	0	0	0	0	0
TgCkBr271	297	65	90	65	77	0	0	0	0	0
TgCkBr272	297	66	90	63	78	0	0	0	0	0
TgCkBr273	297	65	89	65	78	0	0	0	0	0
TgCkBr274	297	66	90	64	77	0	0	0	0	0
TgCkBr275	297	65	90	65	77	0	0	0	0	0
TgCkBr277	297	65	89	65	78	0	0	0	0	0
TgCkBr278	297	66	92	62	77	0	0	0	0	0
TgCkBr279	297	66	92	62	77	0	0	0	0	0
TgCkBr280	297	65	91	64	77	0	0	0	0	0
TgCkBr281	297	65	89	65	78	0	0	0	0	0
TgCatBr38(40)	297	65	91	64	77	0	0	0	0	0
TgCatBr39(50)	297	66	89	63	79	0	0	0	0	0
TgCatBr40(100)	297	67	90	62	78	0	0	0	0	0
TgCatBr41(100)	297	65	88	65	79	0	0	0	0	0
TgCatBr42(100)	297	65	89	65	78	0	0	0	0	0
TgCatBr44(60)	297	67	90	62	78	0	0	0	0	0
TgCatBr45(100)	297	65	88	66	78	0	0	0	0	0
TgCatBr46(100)	297	65	88	66	78	0	0	0	0	0
TgCatBr47(100)	297	65	89	65	78	0	0	0	0	0
TgCatBr48(100)	297	67	90	62	78	0	0	0	0	0
TgCatBr50(0)	297	65	91	65	76	0	0	0	0	0
TgCatBr51(80)	297	66	89	63	79	0	0	0	0	0
TgCatBr52(100)	297	66	89	63	79	0	0	0	0	0
TgCatBr53(100)	297	65	89	65	78	0	0	0	0	0
TgCatBr54(75)	297	65	89	65	78	0	0	0	0	0
TgCatBr55(100)	297	65	89	65	78	0	0	0	0	0
TgCatBr56(100)	297	66	89	63	79	0	0	0	0	0
TgCatBr57(100)	297	66	90	63	78	0	0	0	0	0
TgCatBr58(0)	297	65	89	65	78	0	0	0	0	0
TgCatBr59(0)	297	65	89	65	78	0	0	0	0	0
TgCatBr60(0)	297	65	89	65	78	0	0	0	0	0
TgCatBr61(0)	297	66	89	63	79	0	0	0	0	0
TgCatBr62(100)	297	65	89	65	78	0	0	0	0	0
TgCatBr64(100)	297	64	90	66	77	0	0	0	0	0
TgCatBr65(0)	297	64	88	66	79	0	0	0	0	0
TgCatBr66(0)	297	64	88	66	79	0	0	0	0	0
TgCatBr67(40)	297	64	90	65	78	0	0	0	0	0
TgCatBr68(75)	297	66	89	63	79	0	0	0	0	0
TgCatBr69(75)	297	67	90	62	78	0	0	0	0	0
TgCatBr70(80)	297	67	90	62	78	0	0	0	0	0
TgCatBr71(100)	297	65	89	65	78	0	0	0	0	0
TgCatBr72(100)	297	66	90	65	76	0	0	0	0	0
TgCatBr73(0)	297	65	89	65	78	0	0	0	0	0
TgCatBr74(0)	297	65	89	65	78	0	0	0	0	0
TgCatBr75(100)	297	65	89	65	78	0	0	0	0	0
TgCatBr76(100)	297	65	87	65	80	0	0	0	0	0
TgCatBr77(60)	297	66	89	63	79	0	0	0	0	0
TgCatBr78(100)	297	66	89	63	79	0	0	0	0	0
TgCatBr79(100)	297	64	90	64	79	0	0	0	0	0
TgCatBr80(100)	297	64	90	64	79	0	0	0	0	0
TgCatBr81(67)	297	66	90	63	78	0	0	0	0	0
TgCatBr82(100)	297	65	91	64	77	0	0	0	0	0
TgCatBr83(0)	297	65	88	65	79	0	0	0	0	0
TgCatBr84(100)	297	65	89	65	78	0	0	0	0	0
TgFxSv105(nd)	297	66	87	66	78	0	0	0	0	0
TgFxSv106(nd)	297	66	86	66	79	0	0	0	0	0
TgFxSv107(nd)	297	66	87	66	78	0	0	0	0	0
TgFxSv114(nd)	297	66	87	66	78	0	0	0	0	0
TgFxSv120(nd)	297	66	86	66	79	0	0	0	0	0
TgFxSv121(nd)	297	65	90	65	77	0	0	0	0	0
TgFxSv13(nd)	297	66	87	66	78	0	0	0	0	0
TgFxSv136(nd)	297	66	86	66	79	0	0	0	0	0
TgFxSv140(nd)	297	66	86	66	79	0	0	0	0	0
TgFxSv144(nd)	297	65	90	65	77	0	0	0	0	0
TgFxSv148(nd)	297	66	86	66	79	0	0	0	0	0
TgFxSv169(nd)	297	66	87	66	78	0	0	0	0	0
TgFxSv175(nd)	297	66	86	66	79	0	0	0	0	0
TgFxSv176(nd)	297	66	87	66	78	0	0	0	0	0
TgFxSv177(nd)	297	66	86	66	79	0	0	0	0	0
TgFxSv178(nd)	297	66	86	66	79	0	0	0	0	0
TgFxSv19(nd)	297	66	86	66	79	0	0	0	0	0
TgFxSv25(nd)	297	66	86	66	79	0	0	0	0	0
TgFxSv27(nd)	297	66	86	66	79	0	0	0	0	0
TgFxSv38(nd)	297	66	87	66	78	0	0	0	0	0
TgFxSv42(nd)	297	66	86	66	79	0	0	0	0	0
TgFxSv43(nd)	297	66	86	66	79	0	0	0	0	0
TgFxSv48(nd)	297	66	86	66	79	0	0	0	0	0
TgFxSv50(nd)	297	66	86	66	79	0	0	0	0	0
TgFxSv61(nd)	297	66	86	66	79	0	0	0	0	0
TgFxSv62(nd)	297	66	87	66	78	0	0	0	0	0
TgFxSv64(nd)	297	66	86	66	79	0	0	0	0	0
TgFxSv70(nd)	297	66	87	66	78	0	0	0	0	0
TgFxSv81(nd)	297	65	90	65	77	0	0	0	0	0
TgFxSv83(nd)	297	65	90	65	77	0	0	0	0	0
TgFxSv87(nd)	297	66	86	66	79	0	0	0	0	0
TgFxSv93(nd)	297	66	87	66	78	0	0	0	0	0
TgCkCh1(75)	297	65	89	66	77	0	0	0	0	0
TgCkCh10(0)	297	66	87	66	78	0	0	0	0	0
TgCkCh11(0)	297	66	87	66	78	0	0	0	0	0
TgCkCh12(0)	297	66	86	66	79	0	0	0	0	0
TgCkCh13(0)	297	66	86	66	79	0	0	0	0	0
TgCkCh14(0)	297	66	86	66	79	0	0	0	0	0
TgCkCh15(0)	297	65	90	65	77	0	0	0	0	0
TgCkCh16(0)	297	66	87	66	78	0	0	0	0	0
TgCkCh17(0)	297	66	86	66	79	0	0	0	0	0
TgCkCh18(0)	297	65	90	65	77	0	0	0	0	0
TgCkCh19(0)	297	66	86	66	79	0	0	0	0	0
TgCkCh2(0)	297	66	86	66	79	0	0	0	0	0
TgCkCh20(0)	297	65	90	65	77	0	0	0	0	0
TgCkCh21(0)	297	66	86	66	79	0	0	0	0	0
TgCkCh22(0)	297	66	86	66	79	0	0	0	0	0
TgCkCh3(0)	297	65	90	65	77	0	0	0	0	0
TgCkCh4(0)	297	66	86	66	79	0	0	0	0	0
TgCkCh5(0)	297	66	86	66	79	0	0	0	0	0
TgCkCh6(0)	297	66	87	66	78	0	0	0	0	0
TgCkCh7(0)	297	66	86	66	79	0	0	0	0	0
TgCkCh8(0)	297	66	86	66	79	0	0	0	0	0
TgCkCh9(0)	297	66	86	66	79	0	0	0	0	0
TgCkCr1(67)	297	65	89	62	81	0	0	0	0	0
TgCkCr10(80)	297	65	89	63	80	0	0	0	0	0
TgCkCr11(0)	297	65	90	65	77	0	0	0	0	0
TgCkCr12(0)	297	65	91	65	76	0	0	0	0	0
TgCkCr13(nd)	297	65	91	65	76	0	0	0	0	0
TgCkCr14(nd)	297	65	91	65	76	0	0	0	0	0
TgCkCr15(nd)	297	65	91	65	76	0	0	0	0	0
TgCkCr16(nd)	297	65	91	65	76	0	0	0	0	0
TgCkCr17(nd)	297	65	91	65	76	0	0	0	0	0
TgCkCr18(nd)	297	65	91	65	76	0	0	0	0	0
TgCkCr19(nd)	297	65	91	65	76	0	0	0	0	0
TgCkCr2(0)	297	64	88	64	81	0	0	0	0	0
TgCkCr20(nd)	297	65	91	65	76	0	0	0	0	0
TgCkCr21(nd)	297	65	91	65	76	0	0	0	0	0
TgCkCr22(nd)	297	65	91	65	76	0	0	0	0	0
TgCkCr23(nd)	297	65	91	65	76	0	0	0	0	0
TgCkCr24(nd)	297	65	91	65	76	0	0	0	0	0
TgCkCr25(nd)	297	65	91	65	76	0	0	0	0	0
TgCkCr26(nd)	297	65	91	65	76	0	0	0	0	0
TgCkCr27(nd)	297	65	91	65	76	0	0	0	0	0
TgCkCr28(nd)	297	64	88	64	81	0	0	0	0	0
TgCkCr29(nd)	297	64	88	64	81	0	0	0	0	0
TgCkCr3(100)	297	64	88	63	82	0	0	0	0	0
TgCkCr30(nd)	297	64	88	64	81	0	0	0	0	0
TgCkCr31(nd)	297	64	88	64	81	0	0	0	0	0
TgCkCr32(nd)	297	64	88	64	81	0	0	0	0	0
TgCkCr4(100)	297	64	88	63	82	0	0	0	0	0
TgCkCr5(100)	297	64	88	63	82	0	0	0	0	0
TgCkCr6(100)	297	64	88	63	82	0	0	0	0	0
TgCkCr7(60)	297	65	89	63	80	0	0	0	0	0
TgCkCr8(0)	297	65	91	65	76	0	0	0	0	0
TgCkCr9(50)	297	65	89	63	80	0	0	0	0	0
TgCkGa1	297	64	88	65	80	0	0	0	0	0
TgCkGa4	297	65	87	63	82	0	0	0	0	0
TgCkGa6	297	65	91	65	76	0	0	0	0	0
TgCkGr12	297	65	90	65	77	0	0	0	0	0
TgCkGr16	297	65	90	65	77	0	0	0	0	0
TgCkGr17	297	65	89	65	78	0	0	0	0	0
TgCkGr18	297	65	89	65	78	0	0	0	0	0
TgCkGr23	297	65	90	65	77	0	0	0	0	0
TgCkGr24	297	65	90	65	77	0	0	0	0	0
TgCkGr25	297	66	86	63	82	0	0	0	0	0
TgCkGr26	297	66	86	63	82	0	0	0	0	0
TgCkGr29	297	65	90	65	77	0	0	0	0	0
TgCkNi1(50)	297	65	91	64	77	0	0	0	0	0
TgCkNi10(0)	297	67	87	63	80	0	0	0	0	0
TgCkNi11(0)	297	65	91	64	77	0	0	0	0	0
TgCkNi12(25)	297	67	89	63	78	0	0	0	0	0
TgCkNi13(0)	297	65	90	65	77	0	0	0	0	0
TgCkNi14(25)	297	65	91	65	76	0	0	0	0	0
TgCkNi15(0)	297	65	91	65	76	0	0	0	0	0
TgCkNi16(0)	297	64	91	64	78	0	0	0	0	0
TgCkNi17(0)	297	67	87	63	80	0	0	0	0	0
TgCkNi18(0)	297	67	87	64	79	0	0	0	0	0
TgCkNi20(0)	297	65	91	65	76	0	0	0	0	0
TgCkNi21(0)	297	67	87	63	80	0	0	0	0	0
TgCkNi22(0)	297	65	91	64	77	0	0	0	0	0
TgCkNi23(0)	297	65	91	64	77	0	0	0	0	0
TgCkNi25(0)	297	65	91	65	76	0	0	0	0	0
TgCkNi26(0)	297	65	91	64	77	0	0	0	0	0
TgCkNi27(0)	297	65	88	65	79	0	0	0	0	0
TgCkNi29(0)	297	65	91	64	77	0	0	0	0	0
TgCkNi2x(25)	297	65	90	65	77	0	0	0	0	0
TgCkNi3(0)	297	65	90	65	77	0	0	0	0	0
TgCkNi30(0)	297	65	91	65	76	0	0	0	0	0
TgCkNi32(0)	297	67	89	63	78	0	0	0	0	0
TgCkNi33(0)	297	65	91	64	77	0	0	0	0	0
TgCkNi34(0)	297	67	87	63	80	0	0	0	0	0
TgCkNi35(25)	297	67	86	63	81	0	0	0	0	0
TgCkNi36(0)	297	65	91	64	77	0	0	0	0	0
TgCkNi37(0)	297	67	87	63	80	0	0	0	0	0
TgCkNi38(0)	297	65	91	64	77	0	0	0	0	0
TgCkNi39(0)	297	67	87	64	79	0	0	0	0	0
TgCkNi4(100)	297	67	87	63	80	0	0	0	0	0
TgCkNi40(100)	297	64	89	63	81	0	0	0	0	0
TgCkNi41(100)	297	64	89	63	81	0	0	0	0	0
TgCkNi42(25)	297	67	87	64	79	0	0	0	0	0
TgCkNi43(100)	297	64	89	63	81	0	0	0	0	0
TgCkNi44(75)	297	65	90	65	77	0	0	0	0	0
TgCkNi45(0)	297	64	91	64	78	0	0	0	0	0
TgCkNi46(0)	297	65	91	64	77	0	0	0	0	0
TgCkNi47y(25)	297	65	91	64	77	0	0	0	0	0
TgCkNi48(nd)	297	65	90	65	77	0	0	0	0	0
TgCkNi6(50)	297	67	87	63	80	0	0	0	0	0
TgCkNi7(25)	297	64	89	63	81	0	0	0	0	0
TgCkNi7x(25)	297	64	91	64	78	0	0	0	0	0
TgCkNi8(0)	297	65	90	65	77	0	0	0	0	0
TgCkNi9(100)	297	64	89	63	81	0	0	0	0	0
TgCkPe2	297	65	90	65	77	0	0	0	0	0
TgCkPe3	297	65	88	65	79	0	0	0	0	0
TgCkPe4	297	65	92	64	76	0	0	0	0	0
TgCkPe5	297	64	91	63	79	0	0	0	0	0
TgCkPe6	297	65	92	64	76	0	0	0	0	0
TgCkVe4	297	65	90	65	77	0	0	0	0	0
TgCkVe1	297	65	89	65	78	0	0	0	0	0
TgCkVe10	297	65	90	65	77	0	0	0	0	0
TgCkVe11	297	65	88	65	79	0	0	0	0	0
TgCkVe3	297	65	89	66	77	0	0	0	0	0
TgCkVe5	297	65	90	65	77	0	0	0	0	0
TgCkVe6	297	65	90	64	78	0	0	0	0	0
TgCtCo1(100)	297	65	86	64	82	0	0	0	0	0
TgCtCo10(100)	297	63	89	65	80	0	0	0	0	0
TgCtCo11(100)	297	63	89	65	80	0	0	0	0	0
TgCtCo12(43)	297	66	87	65	79	0	0	0	0	0
TgCtCo13(0)	297	66	87	65	79	0	0	0	0	0
TgCtCo14(100)	297	65	89	66	77	0	0	0	0	0
TgCtCo15(100)	297	66	88	63	80	0	0	0	0	0
TgCtCo2(75)	297	64	88	64	81	0	0	0	0	0
TgCtCo3(0)	297	66	89	63	79	0	0	0	0	0
TgCtCo4(100)	297	63	89	65	80	0	0	0	0	0
TgCtCo5(89)	297	66	88	63	80	0	0	0	0	0
TgCtCo5x(nd)	297	66	93	62	76	0	0	0	0	0
TgCtCo6(100)	297	66	88	63	80	0	0	0	0	0
TgCtCo7(100)	297	64	88	64	81	0	0	0	0	0
TgCtCo8(0)	297	66	89	65	77	0	0	0	0	0
TgCtCo9(70)	297	66	89	63	79	0	0	0	0	0
TgCkBr285	297	65	89	65	78	0	0	0	0	0
TgCkBr286	297	65	89	65	78	0	0	0	0	0
TgCkBr288	297	66	86	63	82	0	0	0	0	0
TgCkBr289	297	66	86	63	82	0	0	0	0	0
TgCkBr290	297	66	86	63	82	0	0	0	0	0
TgCkBr291	297	66	86	63	82	0	0	0	0	0
TgCkBr292	297	66	86	63	82	0	0	0	0	0
TgCkBr293	297	66	86	63	82	0	0	0	0	0
TgCkBr294	297	64	88	66	79	0	0	0	0	0
TgCkBr295	297	64	88	66	79	0	0	0	0	0
TgCkBr296	297	64	88	66	79	0	0	0	0	0
TgCkBr301	297	64	88	66	79	0	0	0	0	0
TgCkBr302	297	65	86	65	81	0	0	0	0	0
TgCkBr303	297	64	89	66	78	0	0	0	0	0
TgCkBr304	297	65	88	65	79	0	0	0	0	0
TgCkBr305	297	64	88	66	79	0	0	0	0	0
TgCkBr307	297	66	85	65	81	0	0	0	0	0
TgCkBr308	297	64	88	66	79	0	0	0	0	0
Chicken1	297	66	86	66	79	0	0	0	0	0
Chicken4	297	66	86	66	79	0	0	0	0	0
Chicken40	297	66	86	66	79	0	0	0	0	0
Chicken7	297	66	86	66	79	0	0	0	0	0
Chicken8	297	66	86	66	79	0	0	0	0	0
Chicken91	297	66	86	66	79	0	0	0	0	0
Chicken98	297	66	86	66	79	0	0	0	0	0
TgCkAt1	297	66	86	66	79	0	0	0	0	0
TgCkAt10	297	66	86	66	79	0	0	0	0	0
TgCkAt11	297	66	86	66	79	0	0	0	0	0
TgCkAt12	297	66	86	66	79	0	0	0	0	0
TgCkAt13	297	66	86	66	79	0	0	0	0	0
TgCkAt14	297	66	86	66	79	0	0	0	0	0
TgCkAt15	297	66	86	66	79	0	0	0	0	0
TgCkAt16	297	66	86	66	79	0	0	0	0	0
TgCkAt17	297	66	86	66	79	0	0	0	0	0
TgCkAt18	297	66	86	66	79	0	0	0	0	0
TgCkAt19	297	66	86	66	79	0	0	0	0	0
TgCkAt2	297	66	86	66	79	0	0	0	0	0
TgCkAt20	297	66	86	66	79	0	0	0	0	0
TgCkAt21	297	66	86	66	79	0	0	0	0	0
TgCkAt22	297	66	86	66	79	0	0	0	0	0
TgCkAt23	297	66	86	66	79	0	0	0	0	0
TgCkAt24	297	66	86	66	79	0	0	0	0	0
TgCkAt25	297	66	86	66	79	0	0	0	0	0
TgCkAt26	297	66	86	66	79	0	0	0	0	0
TgCkAt27	297	66	86	66	79	0	0	0	0	0
TgCkAt28	297	66	86	66	79	0	0	0	0	0
TgCkAt29	297	66	86	66	79	0	0	0	0	0
TgCkAt3	297	66	86	66	79	0	0	0	0	0
TgCkAt30	297	66	86	66	79	0	0	0	0	0
TgCkAt31	297	66	86	66	79	0	0	0	0	0
TgCkAt32	297	66	86	66	79	0	0	0	0	0
TgCkAt33	297	66	86	66	79	0	0	0	0	0
TgCkAt34	297	66	86	66	79	0	0	0	0	0
TgCkAt35	297	66	86	66	79	0	0	0	0	0
TgCkAt36	297	66	86	66	79	0	0	0	0	0
TgCkAt37	297	66	86	66	79	0	0	0	0	0
TgCkAt38	297	66	86	66	79	0	0	0	0	0
TgCkAt39	297	66	86	66	79	0	0	0	0	0
TgCkAt4	297	66	86	66	79	0	0	0	0	0
TgCkAt40	297	66	86	66	79	0	0	0	0	0
TgCkAt41	297	66	86	66	79	0	0	0	0	0
TgCkAt42	297	66	86	66	79	0	0	0	0	0
TgCkAt43	297	66	86	66	79	0	0	0	0	0
TgCkAt44	297	66	86	66	79	0	0	0	0	0
TgCkAt45	297	66	86	66	79	0	0	0	0	0
TgCkAt46	297	66	87	66	78	0	0	0	0	0
TgCkAt47	297	66	86	66	79	0	0	0	0	0
TgCkAt48	297	66	86	66	79	0	0	0	0	0
TgCkAt49	297	66	86	66	79	0	0	0	0	0
TgCkAt5	297	66	86	66	79	0	0	0	0	0
TgCkAt50	297	66	86	66	79	0	0	0	0	0
TgCkAt51	297	66	86	66	79	0	0	0	0	0
TgCkAt52	297	66	86	66	79	0	0	0	0	0
TgCkAt53	297	66	86	66	79	0	0	0	0	0
TgCkAt54	297	66	86	66	79	0	0	0	0	0
TgCkAt55	297	66	86	66	79	0	0	0	0	0
TgCkAt56	297	66	86	66	79	0	0	0	0	0
TgCkAt57	297	66	86	66	79	0	0	0	0	0
TgCkAt58	297	66	86	66	79	0	0	0	0	0
TgCkAt59	297	66	86	66	79	0	0	0	0	0
TgCkAt6	297	66	86	66	79	0	0	0	0	0
TgCkAt60	297	66	86	66	79	0	0	0	0	0
TgCkAt61	297	66	86	66	79	0	0	0	0	0
TgCkAt62	297	66	86	66	79	0	0	0	0	0
TgCkAt63	297	66	86	66	79	0	0	0	0	0
TgCkAt64	297	66	86	66	79	0	0	0	0	0
TgCkAt65	297	66	86	66	79	0	0	0	0	0
TgCkAt66	297	66	86	66	79	0	0	0	0	0
TgCkAt67	297	66	86	66	79	0	0	0	0	0
TgCkAt7	297	66	86	66	79	0	0	0	0	0
TgCkAt8	297	66	86	66	79	0	0	0	0	0
TgCkAt9	297	66	86	66	79	0	0	0	0	0
TgCkPr1	297	65	90	65	77	0	0	0	0	0
TgCkPr10	297	66	86	66	79	0	0	0	0	0
TgCkPr11	297	66	86	66	79	0	0	0	0	0
TgCkPr12	297	66	86	66	79	0	0	0	0	0
TgCkPr13	297	64	89	67	77	0	0	0	0	0
TgCkPr14	297	64	89	67	77	0	0	0	0	0
TgCkPr15	297	64	89	67	77	0	0	0	0	0
TgCkPr16	297	64	89	67	77	0	0	0	0	0
TgCkPr2	297	65	90	65	77	0	0	0	0	0
TgCkPr3	297	66	86	66	79	0	0	0	0	0
TgCkPr4	297	65	90	65	77	0	0	0	0	0
TgCkPr5	297	65	90	65	77	0	0	0	0	0
TgCkPr6	297	66	86	66	79	0	0	0	0	0
TgCkPr7	297	66	86	66	79	0	0	0	0	0
TgCkPr8	297	66	86	66	79	0	0	0	0	0
TgCowPr1	297	64	88	64	81	0	0	0	0	0
TgSoUs40(0)	297	67	88	64	78	0	0	0	0	0
TgSoUs41(0)	297	66	87	66	78	0	0	0	0	0
TgSoUs42(0)	297	66	86	66	79	0	0	0	0	0
TgSoUs43(0)	297	66	86	66	79	0	0	0	0	0
TgSoUs44(0)	297	67	88	64	78	0	0	0	0	0
TgSoUs45(0)	297	64	88	64	81	0	0	0	0	0
TgSoUs46(0)	297	66	87	66	78	0	0	0	0	0
TgSoUs47(0)	297	67	88	64	78	0	0	0	0	0
TgSoUs48(0)	297	66	87	66	78	0	0	0	0	0
TgSoUs49(0)	297	67	88	64	78	0	0	0	0	0
TgSoUs50(0)	297	66	86	66	79	0	0	0	0	0
TgSoUs51(0)	297	67	88	64	78	0	0	0	0	0
TgSoUs52(0)	297	67	88	64	78	0	0	0	0	0
TgSoUs53(0)	297	67	88	64	78	0	0	0	0	0
TgSoUs54(0)	297	66	86	66	79	0	0	0	0	0
TgSoUs55(0)	297	67	88	64	78	0	0	0	0	0
TgSoUs56(0)	297	67	88	64	78	0	0	0	0	0
TgSoUs57(0)	297	67	88	64	78	0	0	0	0	0
TgSoUs58(0)	297	67	88	64	78	0	0	0	0	0
TgSoUs59(0)	297	67	88	64	78	0	0	0	0	0
TgSoUs60(0)	297	67	88	64	78	0	0	0	0	0
TgSoUs61(0)	297	67	88	64	78	0	0	0	0	0
TgCkBr188(0)	297	65	93	63	76	0	0	0	0	0
TgCkBr189(80)	297	65	93	63	76	0	0	0	0	0
TgCkBr190(0)	297	65	93	63	76	0	0	0	0	0
TgCkBr191(0)	297	65	93	63	76	0	0	0	0	0
TgCkBr192(0)	297	65	93	63	76	0	0	0	0	0
TgCkBr193(0)	297	65	93	63	76	0	0	0	0	0
TgCkBr194(0)	297	65	89	65	78	0	0	0	0	0
TgCkBr195(0)	297	65	89	65	78	0	0	0	0	0
TgCkBr196(0)	297	65	91	65	76	0	0	0	0	0
TgCkBr197(100)	297	65	94	63	75	0	0	0	0	0
TgCkBr199(0)	297	64	89	67	77	0	0	0	0	0
TgCkBr200(0)	297	63	91	65	78	0	0	0	0	0
TgCkBr201(0)	297	65	89	65	78	0	0	0	0	0
TgCkBr202(20)	297	64	88	66	79	0	0	0	0	0
TgCkBr203(60)	297	65	89	65	78	0	0	0	0	0
TgCkBr204(40)	297	64	88	66	79	0	0	0	0	0
TgCkBr205(40)	297	65	89	65	78	0	0	0	0	0
TgCkBr206(0)	297	64	90	66	77	0	0	0	0	0
TgCkBr207(20)	297	65	89	65	78	0	0	0	0	0
TgCkBr208(0)	297	65	91	65	76	0	0	0	0	0
TgCkBr209(0)	297	65	89	65	78	0	0	0	0	0
TgCatBr1(100)	297	66	89	63	79	0	0	0	0	0
TgCatBr10(100)	297	64	89	66	78	0	0	0	0	0
TgCatBr11(100)	297	65	89	65	78	0	0	0	0	0
TgCatBr12(100)	297	65	89	65	78	0	0	0	0	0
TgCatBr15(100)	297	65	89	66	77	0	0	0	0	0
TgCatBr16(100)	297	65	89	65	78	0	0	0	0	0
TgCatBr17(100)	297	65	89	65	78	0	0	0	0	0
TgCatBr18(100)	297	65	91	65	76	0	0	0	0	0
TgCatBr19(100)	297	66	89	64	78	0	0	0	0	0
TgCatBr2(100)	297	65	89	65	78	0	0	0	0	0
TgCatBr20(100)	297	64	88	67	78	0	0	0	0	0
TgCatBr21(100)	297	65	89	65	78	0	0	0	0	0
TgCatBr22(100)	297	64	89	66	78	0	0	0	0	0
TgCatBr23(80)	297	64	89	66	78	0	0	0	0	0
TgCatBr25(100)	297	65	91	66	75	0	0	0	0	0
TgCatBr26(80)	297	66	88	64	79	0	0	0	0	0
TgCatBr28(0)	297	64	89	66	78	0	0	0	0	0
TgCatBr3(0)	297	65	89	65	78	0	0	0	0	0
TgCatBr30(100)	297	65	89	65	78	0	0	0	0	0
TgCatBr31(100)	297	64	89	66	78	0	0	0	0	0
TgCatBr32(67)	297	64	89	66	78	0	0	0	0	0
TgCatBr34(100)	297	65	90	64	78	0	0	0	0	0
TgCatBr37(100)	297	64	89	66	78	0	0	0	0	0
TgCatBr4(0)	297	65	89	65	78	0	0	0	0	0
TgCatBr5(100)	297	65	89	65	78	0	0	0	0	0
TgCatBr6-20(nd)	297	66	90	64	77	0	0	0	0	0
TgCatBr7(100)	297	66	89	63	79	0	0	0	0	0
TgCatBr9(100)	297	66	89	64	78	0	0	0	0	0
TgSoUs1(nd)	297	67	88	64	78	0	0	0	0	0
TgSoUs18(nd)	297	66	86	66	79	0	0	0	0	0
TgSoUs19(nd)	297	66	86	66	79	0	0	0	0	0
TgSoUs2(0)	297	67	88	64	78	0	0	0	0	0
TgSoUs20(nd)	297	66	87	66	78	0	0	0	0	0
TgSoUs21(nd)	297	66	86	66	79	0	0	0	0	0
TgSoUs26(nd)	297	66	86	66	79	0	0	0	0	0
TgSoUs27(nd)	297	66	87	66	78	0	0	0	0	0
TgSoUs29(0)	297	66	86	66	79	0	0	0	0	0
TgSoUs3(nd)	297	66	86	66	79	0	0	0	0	0
TgSoUs30(0)	297	66	86	66	79	0	0	0	0	0
TgSoUs35(nd)	297	67	87	64	79	0	0	0	0	0
TgSoUs36(0)	297	66	87	66	78	0	0	0	0	0
TgSoUs37(0)	297	66	86	66	79	0	0	0	0	0
TgSoUs39(0)	297	65	92	64	76	0	0	0	0	0
TgSoUs4(nd)	297	66	86	66	79	0	0	0	0	0
TgSoUs5(0)	297	66	87	66	78	0	0	0	0	0
TgPgUs100	297	66	86	66	79	0	0	0	0	0
TgPgUs101	297	66	86	66	79	0	0	0	0	0
TgPgUs102	297	66	86	66	79	0	0	0	0	0
TgPgUs103	297	66	86	66	79	0	0	0	0	0
TgPgUs104	297	66	86	66	79	0	0	0	0	0
TgPgUs105	297	66	86	66	79	0	0	0	0	0
TgPgUs106	297	66	86	66	79	0	0	0	0	0
TgPgUs107	297	66	86	66	79	0	0	0	0	0
TgPgUs108	297	66	86	66	79	0	0	0	0	0
TgPgUs114	297	66	86	66	79	0	0	0	0	0
TgPgUs115	297	66	86	66	79	0	0	0	0	0
TgPgUs116	297	66	86	66	79	0	0	0	0	0
TgPgUs117	297	66	86	66	79	0	0	0	0	0
TgPgUs118	297	66	86	66	79	0	0	0	0	0
TgPgUs119	297	66	86	66	79	0	0	0	0	0
TgPgUs120	297	66	86	66	79	0	0	0	0	0
TgPgUs121	297	66	86	66	79	0	0	0	0	0
TgPgUs122	297	66	86	66	79	0	0	0	0	0
TgPgUs123	297	66	86	66	79	0	0	0	0	0
TgPgUs124	297	66	86	66	79	0	0	0	0	0
TgPgUs125	297	66	86	66	79	0	0	0	0	0
TgPgUs126	297	66	86	66	79	0	0	0	0	0
TgPgUs127	297	66	86	66	79	0	0	0	0	0
TgPgUs128	297	66	86	66	79	0	0	0	0	0
TgPgUs16	297	67	87	64	79	0	0	0	0	0
TgPgUs162	297	65	90	65	77	0	0	0	0	0
TgPgUs20	297	67	87	64	79	0	0	0	0	0
TgPgUs25	297	67	87	64	79	0	0	0	0	0
TgPgUs26	297	67	87	64	79	0	0	0	0	0
TgPgUs40	297	67	87	64	79	0	0	0	0	0
TgPgUs42	297	67	87	64	79	0	0	0	0	0
TgPgUs47	297	67	87	64	79	0	0	0	0	0
TgPgUs60	297	67	87	64	79	0	0	0	0	0
TgPgUs65	297	67	87	64	79	0	0	0	0	0
TgPgUs75	297	67	87	64	79	0	0	0	0	0
TgPgUs78	297	67	87	64	79	0	0	0	0	0
TgPgUs79	297	67	87	64	79	0	0	0	0	0
TgPgUs80	297	67	87	64	79	0	0	0	0	0
TgPgUs82	297	67	87	64	79	0	0	0	0	0
TgPgUs84	297	67	87	64	79	0	0	0	0	0
TgPgUs90	297	67	87	64	79	0	0	0	0	0
TgPgUs96	297	67	87	64	79	0	0	0	0	0
TgPgUs1(0)	297	66	87	66	78	0	0	0	0	0
TgPgUs10(0)	297	65	91	65	76	0	0	0	0	0
TgPgUs109	297	65	90	65	77	0	0	0	0	0
TgPgUs11(0)	297	48	75	59	60	0	0	55	0	0
TgPgUs110	297	65	90	65	77	0	0	0	0	0
TgPgUs111	297	65	90	65	77	0	0	0	0	0
TgPgUs112	297	66	87	66	78	0	0	0	0	0
TgPgUs113	297	66	87	66	78	0	0	0	0	0
TgPgUs12(0)	297	66	87	66	78	0	0	0	0	0
TgPgUs129	297	66	87	66	78	0	0	0	0	0
TgPgUs13(0)	297	66	87	66	78	0	0	0	0	0
TgPgUs130	297	65	90	65	77	0	0	0	0	0
TgPgUs132	297	65	90	65	77	0	0	0	0	0
TgPgUs133	297	65	90	65	77	0	0	0	0	0
TgPgUs134	297	65	90	65	77	0	0	0	0	0
TgPgUs135	297	65	90	65	77	0	0	0	0	0
TgPgUs136	297	65	90	65	77	0	0	0	0	0
TgPgUs137	297	66	87	66	78	0	0	0	0	0
TgPgUs138	297	65	90	65	77	0	0	0	0	0
TgPgUs139	297	65	90	65	77	0	0	0	0	0
TgPgUs14(0)	297	65	91	65	76	0	0	0	0	0
TgPgUs140	297	65	90	65	77	0	0	0	0	0
TgPgUs141	297	65	90	65	77	0	0	0	0	0
TgPgUs142	297	65	90	65	77	0	0	0	0	0
TgPgUs143	297	65	90	65	77	0	0	0	0	0
TgPgUs144	297	66	87	66	78	0	0	0	0	0
TgPgUs144_B	297	65	90	65	77	0	0	0	0	0
TgPgUs145	297	65	90	65	77	0	0	0	0	0
TgPgUs146	297	65	90	65	77	0	0	0	0	0
TgPgUs147	297	65	90	65	77	0	0	0	0	0
TgPgUs148	297	65	90	65	77	0	0	0	0	0
TgPgUs149	297	65	90	65	77	0	0	0	0	0
TgPgUs150	297	65	90	65	77	0	0	0	0	0
TgPgUs151	297	65	90	65	77	0	0	0	0	0
TgPgUs152	297	65	90	65	77	0	0	0	0	0
TgPgUs153	297	65	90	65	77	0	0	0	0	0
TgPgUs154	297	65	90	65	77	0	0	0	0	0
TgPgUs155	297	65	90	65	77	0	0	0	0	0
TgPgUs156	297	65	90	65	77	0	0	0	0	0
TgPgUs157	297	65	90	65	77	0	0	0	0	0
TgPgUs158	297	65	90	65	77	0	0	0	0	0
TgPgUs159	297	65	90	65	77	0	0	0	0	0
TgPgUs15-a.k.a.P45	297	65	89	65	78	0	0	0	0	0
TgPgUs15-a.k.a.P46	297	65	89	65	78	0	0	0	0	0
TgPgUs15-a.k.a.P55	297	65	89	65	78	0	0	0	0	0
TgPgUs15-a.k.a.P57	297	65	89	65	78	0	0	0	0	0
TgPgUs15-a.k.a.P58	297	65	89	65	78	0	0	0	0	0
TgPgUs15-a.k.a.P76	297	65	89	65	78	0	0	0	0	0
TgPgUs15-a.k.a.P89(0)	297	65	89	65	78	0	0	0	0	0
TgPgUs15-a.k.a.P92	297	65	89	65	78	0	0	0	0	0
TgPgUs160	297	66	87	66	78	0	0	0	0	0
TgPgUs161	297	66	87	66	78	0	0	0	0	0
TgPgUs163	297	66	87	66	78	0	0	0	0	0
TgPgUs164	297	65	90	65	77	0	0	0	0	0
TgPgUs165	297	66	87	66	78	0	0	0	0	0
TgPgUs166	297	65	90	65	77	0	0	0	0	0
TgPgUs167	297	65	90	65	77	0	0	0	0	0
TgPgUs168	297	65	90	65	77	0	0	0	0	0
TgPgUs169	297	66	87	66	78	0	0	0	0	0
TgPgUs17	297	66	87	66	78	0	0	0	0	0
TgPgUs170	297	66	87	66	78	0	0	0	0	0
TgPgUs171	297	65	90	65	77	0	0	0	0	0
TgPgUs172	297	66	87	66	78	0	0	0	0	0
TgPgUs173	297	65	90	65	77	0	0	0	0	0
TgPgUs174	297	65	90	65	77	0	0	0	0	0
TgPgUs175	297	65	90	65	77	0	0	0	0	0
TgPgUs176	297	65	90	65	77	0	0	0	0	0
TgPgUs177	297	65	90	65	77	0	0	0	0	0
TgPgUs178	297	66	87	66	78	0	0	0	0	0
TgPgUs179	297	65	90	65	77	0	0	0	0	0
TgPgUs18	297	65	90	65	77	0	0	0	0	0
TgPgUs180	297	66	87	66	78	0	0	0	0	0
TgPgUs181	297	66	87	66	78	0	0	0	0	0
TgPgUs182	297	66	89	64	78	0	0	0	0	0
TgPgUs19	297	66	87	66	78	0	0	0	0	0
TgPgUs2(0)	297	66	87	66	78	0	0	0	0	0
TgPgUs21	297	66	87	66	78	0	0	0	0	0
TgPgUs22	297	66	87	66	78	0	0	0	0	0
TgPgUs23	297	66	87	66	78	0	0	0	0	0
TgPgUs24	297	66	87	66	78	0	0	0	0	0
TgPgUs27	297	66	86	66	79	0	0	0	0	0
TgPgUs28	297	66	87	66	78	0	0	0	0	0
TgPgUs29	297	66	87	66	78	0	0	0	0	0
TgPgUs3(0)	297	66	87	66	78	0	0	0	0	0
TgPgUs30	297	66	87	66	78	0	0	0	0	0
TgPgUs31	297	66	87	66	78	0	0	0	0	0
TgPgUs32	297	66	86	66	79	0	0	0	0	0
TgPgUs33	297	66	87	66	78	0	0	0	0	0
TgPgUs34	297	66	87	66	78	0	0	0	0	0
TgPgUs35	297	66	87	66	78	0	0	0	0	0
TgPgUs36	297	66	86	66	79	0	0	0	0	0
TgPgUs37	297	66	86	66	79	0	0	0	0	0
TgPgUs38	297	66	87	66	78	0	0	0	0	0
TgPgUs39	297	66	86	66	79	0	0	0	0	0
TgPgUs4(0)	297	66	87	66	78	0	0	0	0	0
TgPgUs41	297	65	90	65	77	0	0	0	0	0
TgPgUs43	297	66	87	66	78	0	0	0	0	0
TgPgUs44	297	66	86	66	79	0	0	0	0	0
TgPgUs48	297	66	86	66	79	0	0	0	0	0
TgPgUs49	297	66	86	66	79	0	0	0	0	0
TgPgUs5(0)	297	65	91	65	76	0	0	0	0	0
TgPgUs50	297	66	87	66	78	0	0	0	0	0
TgPgUs51	297	66	87	66	78	0	0	0	0	0
TgPgUs52	297	66	87	66	78	0	0	0	0	0
TgPgUs53	297	66	87	66	78	0	0	0	0	0
TgPgUs54	297	66	87	66	78	0	0	0	0	0
TgPgUs56	297	66	87	66	78	0	0	0	0	0
TgPgUs59	297	66	86	66	79	0	0	0	0	0
TgPgUs6(0)	297	66	87	66	78	0	0	0	0	0
TgPgUs61	297	65	90	65	77	0	0	0	0	0
TgPgUs62	297	66	87	66	78	0	0	0	0	0
TgPgUs63	297	66	87	66	78	0	0	0	0	0
TgPgUs64	297	66	87	66	78	0	0	0	0	0
TgPgUs66	297	66	87	66	78	0	0	0	0	0
TgPgUs67	297	66	87	66	78	0	0	0	0	0
TgPgUs68	297	66	87	66	78	0	0	0	0	0
TgPgUs69	297	66	86	66	79	0	0	0	0	0
TgPgUs7(0)	297	66	87	66	78	0	0	0	0	0
TgPgUs70	297	65	90	65	77	0	0	0	0	0
TgPgUs71	297	65	90	65	77	0	0	0	0	0
TgPgUs72	297	66	87	66	78	0	0	0	0	0
TgPgUs73	297	66	87	66	78	0	0	0	0	0
TgPgUs74	297	66	87	66	78	0	0	0	0	0
TgPgUs77	297	66	87	66	78	0	0	0	0	0
TgPgUs8(0)	297	66	87	66	78	0	0	0	0	0
TgPgUs81	297	66	87	66	78	0	0	0	0	0
TgPgUs83	297	66	87	66	78	0	0	0	0	0
TgPgUs85	297	66	87	66	78	0	0	0	0	0
TgPgUs86	297	66	87	66	78	0	0	0	0	0
TgPgUs87	297	65	90	65	77	0	0	0	0	0
TgPgUs88	297	66	87	66	78	0	0	0	0	0
TgPgUs89	297	67	88	64	78	0	0	0	0	0
TgPgUs9(0)	297	66	87	66	78	0	0	0	0	0
TgPgUs91	297	66	87	66	78	0	0	0	0	0
TgPgUs93	297	66	86	66	79	0	0	0	0	0
TgPgUs94	297	66	87	66	78	0	0	0	0	0
TgPgUs95	297	66	87	66	78	0	0	0	0	0
TgPgUs97	297	66	86	66	79	0	0	0	0	0
TgPgUs98	297	66	87	66	78	0	0	0	0	0
TgPgUs99	297	66	87	66	78	0	0	0	0	0
TgCkBF-1(0)	297	65	90	65	77	0	0	0	0	0
TgCkDROC-10(0)	297	66	87	66	78	0	0	0	0	0
TgCkDROC-3(0)	297	65	90	65	77	0	0	0	0	0
TgCkDROC-6(0)	297	65	90	65	77	0	0	0	0	0
TgCkDROC-8(0)	297	65	90	65	77	0	0	0	0	0
TgCkDROC-9(0)	297	65	90	65	77	0	0	0	0	0
TgCkEg12(0)	297	65	90	65	77	0	0	0	0	0
TgCkEg13(0)	297	65	90	65	77	0	0	0	0	0
TgCkEg14(0)	297	65	90	65	77	0	0	0	0	0
TgCkEg15(0)	297	66	86	66	79	0	0	0	0	0
TgCkEg16(0)	297	65	90	65	77	0	0	0	0	0
TgCkEg17(0)	297	65	90	65	77	0	0	0	0	0
TgCkEg19(0)	297	66	86	66	79	0	0	0	0	0
TgCkKen-1(0)	297	66	86	66	79	0	0	0	0	0
TgCkMal-2(0)	297	65	90	65	77	0	0	0	0	0
TgCkMal-3(0)	297	65	90	65	77	0	0	0	0	0
TgCkMal-4(0)	297	65	90	65	77	0	0	0	0	0
TgCkMal-5(0)	297	66	86	66	79	0	0	0	0	0
TgCkNg1(0)	297	66	92	63	76	0	0	0	0	0
TgGooseUS1(nd)	297	64	91	64	78	0	0	0	0	0
TgGooseUS2(0)	297	67	87	64	79	0	0	0	0	0
TgGooseUS3(0)	297	65	90	65	77	0	0	0	0	0
TgGooseUS4(0)	297	66	87	65	79	0	0	0	0	0
TgGooseUS5(nd)	297	65	90	65	77	0	0	0	0	0
TgGooseUS6(0)	297	65	90	65	77	0	0	0	0	0
TgGooseUS7(0)	297	65	90	65	77	0	0	0	0	0
TgGooseUS8(0)	297	67	87	64	79	0	0	0	0	0
TgGooseUS9	297	66	87	66	78	0	0	0	0	0
PS-TgBHmBr1	297	66	89	63	79	0	0	0	0	0
PS-TgCaEgBr1	297	66	87	66	78	0	0	0	0	0
PS-TgCaEgBr2	297	66	87	66	78	0	0	0	0	0
PS-TgNbaBr4	297	65	89	64	79	0	0	0	0	0
PS-TgSbaBr1	297	65	90	64	78	0	0	0	0	0
PS-TgSpPBr1	297	66	88	63	80	0	0	0	0	0
PS-TgTinBr1	297	66	88	64	79	0	0	0	0	0
TgCantBr1(100)	297	66	92	61	78	0	0	0	0	0
TgCantBr2(100)	297	66	89	63	79	0	0	0	0	0
TgCantBr3(100)	297	66	91	63	77	0	0	0	0	0
TgHoFBr1(100)	297	65	89	64	79	0	0	0	0	0
TgLWpBr1(100)	297	67	91	62	77	0	0	0	0	0
TgMWBr1(100)	297	66	89	63	79	0	0	0	0	0
TgNbaBr1(100)	297	66	92	61	78	0	0	0	0	0
TgNbaBr2(100)	297	66	88	63	80	0	0	0	0	0
TgNbaBr3(100)	297	66	88	63	80	0	0	0	0	0
TgOncBr1(100)	297	64	88	66	79	0	0	0	0	0
TgSbaBr2(100)	297	65	89	65	78	0	0	0	0	0
TgSpPBr2(100)	297	66	89	62	80	0	0	0	0	0
TgWlpBr1(100)	297	67	87	62	81	0	0	0	0	0
TgWlpBr2(100)	297	66	89	62	80	0	0	0	0	0
TgWlpBr3(100)	297	66	89	63	79	0	0	0	0	0
TgPigCn10-34	297	65	91	65	76	0	0	0	0	0
TgPigCn14-56	297	66	86	66	79	0	0	0	0	0
TgPigCn19-24	297	65	91	65	76	0	0	0	0	0
TgPigCn27-8	297	65	91	65	76	0	0	0	0	0
TgPigCn29-5	297	65	91	65	76	0	0	0	0	0
TgPigCn3-12	297	65	91	65	76	0	0	0	0	0
TgPigCn33-6	297	65	91	65	76	0	0	0	0	0
TgPigCn40-10	297	65	91	65	76	0	0	0	0	0
TgPigCn5-5	297	65	91	65	76	0	0	0	0	0
TgPigCn5-6	297	66	86	66	79	0	0	0	0	0
TgPigCn58-14	297	65	91	65	76	0	0	0	0	0
TgPigCn61-11	297	65	91	65	76	0	0	0	0	0
TgPigCn80-11	297	65	91	65	76	0	0	0	0	0
TgPigCn8-16	297	65	91	65	76	0	0	0	0	0
TgPigCn8-18	297	65	91	65	76	0	0	0	0	0
TgCatEg115	297	66	87	66	78	0	0	0	0	0
TgCatEg2	297	66	86	66	79	0	0	0	0	0
TgCatEg34	297	64	91	65	77	0	0	0	0	0
TgCatEg5	297	66	86	66	79	0	0	0	0	0
TgCatEg53	297	65	89	65	78	0	0	0	0	0
TgCatEg55	297	66	87	66	78	0	0	0	0	0
TgCatEg57	297	67	87	64	79	0	0	0	0	0
TgCatEg67	297	65	89	65	78	0	0	0	0	0
TgCatEg88	297	65	91	65	76	0	0	0	0	0
TgCatEg94	297	65	90	65	77	0	0	0	0	0
TgCatEg1	297	66	86	66	79	0	0	0	0	0
TgCatEg10	297	66	86	66	79	0	0	0	0	0
TgCatEg100	297	65	90	65	77	0	0	0	0	0
TgCatEg101	297	66	86	66	79	0	0	0	0	0
TgCatEg102	297	65	90	65	77	0	0	0	0	0
TgCatEg103	297	66	86	66	79	0	0	0	0	0
TgCatEg104	297	66	86	66	79	0	0	0	0	0
TgCatEg105	297	65	90	65	77	0	0	0	0	0
TgCatEg107	297	66	86	66	79	0	0	0	0	0
TgCatEg108	297	65	90	65	77	0	0	0	0	0
TgCatEg109	297	66	86	66	79	0	0	0	0	0
TgCatEg11	297	65	90	65	77	0	0	0	0	0
TgCatEg110	297	65	90	65	77	0	0	0	0	0
TgCatEg111	297	65	90	65	77	0	0	0	0	0
TgCatEg112	297	66	86	66	79	0	0	0	0	0
TgCatEg113	297	66	86	66	79	0	0	0	0	0
TgCatEg114	297	65	90	65	77	0	0	0	0	0
TgCatEg12	297	66	86	66	79	0	0	0	0	0
TgCatEg13	297	65	90	65	77	0	0	0	0	0
TgCatEg14	297	66	86	66	79	0	0	0	0	0
TgCatEg15	297	65	90	65	77	0	0	0	0	0
TgCatEg16	297	66	86	66	79	0	0	0	0	0
TgCatEg17	297	65	90	65	77	0	0	0	0	0
TgCatEg18	297	64	91	65	77	0	0	0	0	0
TgCatEg19	297	65	90	65	77	0	0	0	0	0
TgCatEg20	297	66	86	66	79	0	0	0	0	0
TgCatEg21	297	66	86	66	79	0	0	0	0	0
TgCatEg22	297	65	90	65	77	0	0	0	0	0
TgCatEg23	297	66	86	66	79	0	0	0	0	0
TgCatEg24	297	65	90	65	77	0	0	0	0	0
TgCatEg25	297	66	86	66	79	0	0	0	0	0
TgCatEg26	297	66	86	66	79	0	0	0	0	0
TgCatEg28	297	66	86	66	79	0	0	0	0	0
TgCatEg29	297	66	86	66	79	0	0	0	0	0
TgCatEg3	297	66	86	66	79	0	0	0	0	0
TgCatEg30	297	66	86	66	79	0	0	0	0	0
TgCatEg31	297	66	86	66	79	0	0	0	0	0
TgCatEg32	297	66	86	66	79	0	0	0	0	0
TgCatEg33	297	66	86	66	79	0	0	0	0	0
TgCatEg35	297	65	90	65	77	0	0	0	0	0
TgCatEg36	297	65	90	65	77	0	0	0	0	0
TgCatEg37	297	65	90	65	77	0	0	0	0	0
TgCatEg38	297	66	86	66	79	0	0	0	0	0
TgCatEg39	297	66	86	66	79	0	0	0	0	0
TgCatEg4	297	66	86	66	79	0	0	0	0	0
TgCatEg41	297	66	86	66	79	0	0	0	0	0
TgCatEg42	297	66	86	66	79	0	0	0	0	0
TgCatEg43	297	65	90	65	77	0	0	0	0	0
TgCatEg44	297	66	86	66	79	0	0	0	0	0
TgCatEg45	297	66	86	66	79	0	0	0	0	0
TgCatEg46	297	66	86	66	79	0	0	0	0	0
TgCatEg47	297	65	90	65	77	0	0	0	0	0
TgCatEg48	297	65	90	65	77	0	0	0	0	0
TgCatEg49	297	66	86	66	79	0	0	0	0	0
TgCatEg50	297	65	90	65	77	0	0	0	0	0
TgCatEg51	297	66	86	66	79	0	0	0	0	0
TgCatEg52	297	66	86	66	79	0	0	0	0	0
TgCatEg54	297	66	86	66	79	0	0	0	0	0
TgCatEg56	297	66	86	66	79	0	0	0	0	0
TgCatEg58	297	65	90	65	77	0	0	0	0	0
TgCatEg59	297	66	86	66	79	0	0	0	0	0
TgCatEg6	297	65	90	65	77	0	0	0	0	0
TgCatEg60	297	66	86	66	79	0	0	0	0	0
TgCatEg61	297	65	90	65	77	0	0	0	0	0
TgCatEg62	297	65	90	65	77	0	0	0	0	0
TgCatEg63	297	66	86	66	79	0	0	0	0	0
TgCatEg64	297	66	86	66	79	0	0	0	0	0
TgCatEg65	297	64	91	65	77	0	0	0	0	0
TgCatEg66	297	65	90	65	77	0	0	0	0	0
TgCatEg68	297	66	86	66	79	0	0	0	0	0
TgCatEg69	297	65	90	65	77	0	0	0	0	0
TgCatEg7	297	64	91	65	77	0	0	0	0	0
TgCatEg70	297	65	90	65	77	0	0	0	0	0
TgCatEg71	297	65	90	65	77	0	0	0	0	0
TgCatEg72	297	65	90	65	77	0	0	0	0	0
TgCatEg73	297	65	90	65	77	0	0	0	0	0
TgCatEg74	297	65	90	65	77	0	0	0	0	0
TgCatEg75	297	66	86	66	79	0	0	0	0	0
TgCatEg76	297	66	86	66	79	0	0	0	0	0
TgCatEg77	297	66	86	66	79	0	0	0	0	0
TgCatEg78	297	66	86	66	79	0	0	0	0	0
TgCatEg79	297	66	86	66	79	0	0	0	0	0
TgCatEg8	297	66	86	66	79	0	0	0	0	0
TgCatEg80	297	65	90	65	77	0	0	0	0	0
TgCatEg81	297	66	86	66	79	0	0	0	0	0
TgCatEg82	297	65	90	65	77	0	0	0	0	0
TgCatEg83	297	65	90	65	77	0	0	0	0	0
TgCatEg84	297	65	90	65	77	0	0	0	0	0
TgCatEg85	297	66	86	66	79	0	0	0	0	0
TgCatEg86	297	65	90	65	77	0	0	0	0	0
TgCatEg87	297	65	90	65	77	0	0	0	0	0
TgCatEg9	297	66	86	66	79	0	0	0	0	0
TgCatEg90	297	66	86	66	79	0	0	0	0	0
TgCatEg91	297	66	86	66	79	0	0	0	0	0
TgCatEg92	297	65	90	65	77	0	0	0	0	0
TgCatEg93	297	65	90	65	77	0	0	0	0	0
TgCatEg95	297	65	90	65	77	0	0	0	0	0
TgCatEg96	297	66	86	66	79	0	0	0	0	0
TgCatEg97	297	66	86	66	79	0	0	0	0	0
TgCatEg98	297	66	86	66	79	0	0	0	0	0
TgCatEg99	297	66	86	66	79	0	0	0	0	0
TgBrCp14(100)	297	65	89	65	78	0	0	0	0	0
TgCpBr29(100)	297	64	89	66	78	0	0	0	0	0
TgCpBr1(100)	297	65	90	65	77	0	0	0	0	0
TgCpBr10(100)	297	65	89	65	78	0	0	0	0	0
TgCpBr11(33)	297	66	89	63	79	0	0	0	0	0
TgCpBr12(100)	297	65	88	65	79	0	0	0	0	0
TgCpBr13(33)	297	67	90	62	78	0	0	0	0	0
TgCpBr15(60)	297	67	90	62	78	0	0	0	0	0
TgCpBr17(0)	297	65	89	65	78	0	0	0	0	0
TgCpBr18(0)	297	65	89	65	78	0	0	0	0	0
TgCpBr19(40)	297	66	91	63	77	0	0	0	0	0
TgCpBr2(0)	297	65	90	65	77	0	0	0	0	0
TgCpBr20(0)	297	65	89	65	78	0	0	0	0	0
TgCpBr21(60)	297	66	91	63	77	0	0	0	0	0
TgCpBr22(100)	297	66	91	63	77	0	0	0	0	0
TgCpBr23(90)	297	66	89	63	79	0	0	0	0	0
TgCpBr24(88)	297	66	89	63	79	0	0	0	0	0
TgCpBr25(100)	297	67	91	62	77	0	0	0	0	0
TgCpBr26(100)	297	66	89	63	79	0	0	0	0	0
TgCpBr27(100)	297	64	90	66	77	0	0	0	0	0
TgCpBr3(100)	297	65	93	64	75	0	0	0	0	0
TgCpBr30(100)	297	67	91	62	77	0	0	0	0	0
TgCpBr31(100)	297	65	89	65	78	0	0	0	0	0
TgCpBr33(75)	297	65	87	65	80	0	0	0	0	0
TgCpBr34(100)	297	65	90	64	78	0	0	0	0	0
TgCpBr35(100)	297	65	90	64	78	0	0	0	0	0
TgCpBr36(20)	297	65	89	65	78	0	0	0	0	0
TgCpBr4(0)	297	65	90	65	77	0	0	0	0	0
TgCpBr5(0)	297	65	90	65	77	0	0	0	0	0
TgCpBr6(0)	297	65	90	65	77	0	0	0	0	0
TgCpBr7(0)	297	65	90	65	77	0	0	0	0	0
TgCpBr8(100)	297	67	90	62	78	0	0	0	0	0
TgCpBr9(100)	297	65	88	65	79	0	0	0	0	0
CN	297	64	88	64	81	0	0	0	0	0
GYS	297	65	91	65	76	0	0	0	0	0
NT	297	64	88	64	81	0	0	0	0	0
PYS	297	65	91	65	76	0	0	0	0	0
QHO	297	66	86	66	79	0	0	0	0	0
SH	297	64	88	64	81	0	0	0	0	0
TgC1	297	65	91	65	76	0	0	0	0	0
TgC2	297	65	91	65	76	0	0	0	0	0
TgC3	297	65	91	65	76	0	0	0	0	0
TgC4	297	65	91	65	76	0	0	0	0	0
TgC5	297	65	91	65	76	0	0	0	0	0
TgC6	297	65	91	65	76	0	0	0	0	0
TgC7	297	65	91	65	76	0	0	0	0	0
TgC8	297	65	91	65	76	0	0	0	0	0
ZC	297	65	91	65	76	0	0	0	0	0
ZS	297	65	91	65	76	0	0	0	0	0
ZS1	297	65	91	65	76	0	0	0	0	0
